data,capital,estado,regiao,custo,variacao_mensal_pct,variacao_anual_pct,outlier,lag_1,lag_12,rolling_mean_3,rolling_mean_6
2020-01-01,Aracaju,SE,Nordeste,561.22,,,False,,,561.22,561.22
2020-02-01,Aracaju,SE,Nordeste,557.43,-0.6753144934250499,,False,561.22,,559.325,559.325
2020-03-01,Aracaju,SE,Nordeste,547.91,-1.707837755413233,,False,557.43,,555.52,555.52
2020-04-01,Aracaju,SE,Nordeste,550.24,0.4252523224617333,,False,547.91,,551.86,554.2
2020-05-01,Aracaju,SE,Nordeste,543.08,-1.3012503634777461,,False,550.24,,547.0766666666667,551.976
2020-06-01,Aracaju,SE,Nordeste,542.72,-0.06628857626869156,,False,543.08,,545.3466666666667,550.4333333333333
2020-07-01,Aracaju,SE,Nordeste,555.58,2.3695459905660465,,False,542.72,,547.1266666666667,549.4933333333333
2020-08-01,Aracaju,SE,Nordeste,607.72,9.384787069368938,,False,555.58,,568.6733333333334,557.875
2020-09-01,Aracaju,SE,Nordeste,624.84,2.8170868162969764,,False,607.72,,596.0466666666667,570.6966666666667
2020-10-01,Aracaju,SE,Nordeste,611.25,-2.174956788937976,,False,624.84,,614.6033333333334,580.8650000000001
2020-11-01,Aracaju,SE,Nordeste,621.78,1.7226993865030682,,False,611.25,,619.29,593.9816666666667
2020-12-01,Aracaju,SE,Nordeste,618.87,-0.4680111936697817,,False,621.78,,617.3,606.6733333333333
2021-01-01,Aracaju,SE,Nordeste,597.96,-3.378738668864212,6.5464523716189715,False,618.87,561.22,612.87,613.7366666666667
2021-02-01,Aracaju,SE,Nordeste,599.81,0.3093852431600652,7.602748327144204,False,597.96,557.43,605.5466666666666,612.4183333333334
2021-03-01,Aracaju,SE,Nordeste,590.75,-1.5104783181340675,7.818802358051502,False,599.81,547.91,596.1733333333333,606.7366666666667
2021-04-01,Aracaju,SE,Nordeste,561.09,-5.02073635209479,1.971866821750523,False,590.75,550.24,583.8833333333333,598.3766666666667
2021-05-01,Aracaju,SE,Nordeste,578.96,3.1848723021262293,6.606761434779407,False,561.09,543.08,576.9333333333334,591.24
2021-06-01,Aracaju,SE,Nordeste,594.57,2.696213900787625,9.553729363207552,False,578.96,542.72,578.2066666666667,587.1899999999999
2021-07-01,Aracaju,SE,Nordeste,593.95,-0.10427704055031572,6.906296122970579,False,594.57,555.58,589.1600000000001,586.5216666666666
2021-08-01,Aracaju,SE,Nordeste,598.41,0.7509049583298122,-1.5319555058250556,False,593.95,607.72,595.6433333333333,586.2883333333333
2021-09-01,Aracaju,SE,Nordeste,596.21,-0.3676409150916493,-4.581972985084182,False,598.41,624.84,596.19,587.1983333333334
2021-10-01,Aracaju,SE,Nordeste,592.22,-0.6692272856879344,-3.1132924335378287,False,596.21,611.25,595.6133333333333,592.3866666666667
2021-11-01,Aracaju,SE,Nordeste,587.04,-0.8746749518759978,-5.587185178037246,False,592.22,621.78,591.8233333333334,593.7333333333333
2021-12-01,Aracaju,SE,Nordeste,597.91,1.8516625783592255,-3.38681791006189,False,587.04,618.87,592.39,594.29
2022-01-01,Aracaju,SE,Nordeste,639.07,6.883979194193124,6.87504180881664,False,597.91,597.96,608.0066666666667,601.8100000000001
2022-02-01,Aracaju,SE,Nordeste,616.29,-3.5645547436118252,2.74753671996133,False,639.07,599.81,617.7566666666667,604.79
2022-03-01,Aracaju,SE,Nordeste,594.82,-3.4837495334988255,0.6889547185780831,False,616.29,590.75,616.7266666666667,604.5583333333333
2022-04-01,Aracaju,SE,Nordeste,609.66,2.494872398372605,8.656365288991053,False,594.82,561.09,606.9233333333333,607.465
2022-05-01,Aracaju,SE,Nordeste,613.11,0.5658891841354263,5.898507668923592,False,609.66,578.96,605.8633333333333,611.8100000000001
2022-06-01,Aracaju,SE,Nordeste,628.31,2.4791636084878554,5.67468927123802,False,613.11,594.57,617.0266666666666,616.8766666666667
2022-07-01,Aracaju,SE,Nordeste,624.3,-0.6382199869491179,5.109857732132328,False,628.31,593.95,621.9066666666666,614.415
2022-08-01,Aracaju,SE,Nordeste,629.84,0.8873938811468918,5.252251800604957,False,624.3,598.41,627.4833333333332,616.6733333333333
2022-09-01,Aracaju,SE,Nordeste,640.34,1.6670900546170486,7.401754415390549,False,629.84,596.21,631.4933333333333,624.26
2022-10-01,Aracaju,SE,Nordeste,622.21,-2.8313083674297967,5.0639964877917,False,640.34,592.22,630.7966666666667,626.3516666666667
2022-11-01,Aracaju,SE,Nordeste,623.19,0.15750309381077354,6.158013082583835,False,622.21,587.04,628.58,628.0316666666666
2022-12-01,Aracaju,SE,Nordeste,624.56,0.21983664692948324,4.457192554063316,False,623.19,597.91,623.32,627.4066666666666
2023-01-01,Aracaju,SE,Nordeste,646.5,3.5128730626361016,1.162626942275491,False,624.56,639.07,631.4166666666666,631.1066666666667
2023-02-01,Aracaju,SE,Nordeste,662.74,2.511987625676726,7.5370361355855175,False,646.5,616.29,644.6,636.59
2023-03-01,Aracaju,SE,Nordeste,645.34,-2.625463982859033,8.493325711980093,False,662.74,594.82,651.5266666666666,637.4233333333333
2023-04-01,Aracaju,SE,Nordeste,637.99,-1.1389345151393115,4.6468523439294085,False,645.34,609.66,648.69,640.0533333333334
2023-05-01,Aracaju,SE,Nordeste,622.11,-2.489067226759034,1.4679258208151857,False,637.99,613.11,635.1466666666666,639.8733333333333
2023-06-01,Aracaju,SE,Nordeste,643.46,3.4318689620806753,2.411230125256658,False,622.11,628.31,634.52,643.0233333333334
2023-07-01,Aracaju,SE,Nordeste,636.97,-1.0086097037888875,2.0294730097709657,False,643.46,624.3,634.1800000000001,641.4350000000001
2023-08-01,Aracaju,SE,Nordeste,663.69,4.194860040504267,5.37438079512258,False,636.97,629.84,648.0400000000001,641.5933333333334
2023-09-01,Aracaju,SE,Nordeste,669.68,0.9025297955370659,4.581940843926646,False,663.69,640.34,656.7800000000001,645.65
2023-10-01,Aracaju,SE,Nordeste,665.91,-0.5629554414048443,7.023352244419079,False,669.68,622.21,666.4266666666666,650.3033333333333
2023-11-01,Aracaju,SE,Nordeste,654.48,-1.7164481686714361,5.020940644105321,False,665.91,623.19,663.3566666666667,655.6983333333334
2023-12-01,Aracaju,SE,Nordeste,676.94,3.4317320620951053,8.386704239784827,False,654.48,624.56,665.7766666666666,661.2783333333333
2024-01-01,Aracaju,SE,Nordeste,679.13,0.3235146394067412,5.047177107501932,False,676.94,646.5,670.1833333333334,668.305
2024-02-01,Aracaju,SE,Nordeste,674.22,-0.7229838175312531,1.7322026737483842,False,679.13,662.74,676.7633333333333,670.0600000000001
2024-03-01,Aracaju,SE,Nordeste,665.55,-1.2859304084720247,3.1316825239408486,False,674.22,645.34,672.9666666666667,669.3716666666667
2024-04-01,Aracaju,SE,Nordeste,662.44,-0.4672826985200107,3.8323484694117615,False,665.55,637.99,667.4033333333333,668.7933333333333
2024-05-01,Aracaju,SE,Nordeste,668.99,0.9887687941549261,7.535644821655341,False,662.44,622.11,665.66,671.2116666666667
2024-06-01,Aracaju,SE,Nordeste,680.26,1.6846290676990616,5.719081217169664,False,668.99,643.46,670.5633333333334,671.765
2024-07-01,Aracaju,SE,Nordeste,673.04,-1.06135889218828,5.662747068150775,False,680.26,636.97,674.0966666666667,670.75
2024-08-01,Aracaju,SE,Nordeste,696.84,3.536193985498648,4.99480178999232,False,673.04,663.69,683.3800000000001,674.52
2024-09-01,Aracaju,SE,Nordeste,688.74,-1.16239021870157,2.8461354676860617,False,696.84,669.68,686.2066666666666,678.3850000000001
2024-10-01,Aracaju,SE,Nordeste,687.05,-0.24537561343903613,3.1746031746031633,False,688.74,665.91,690.8766666666667,682.4866666666667
2024-11-01,Aracaju,SE,Nordeste,704.47,2.535477767265859,7.638124923603473,False,687.05,654.48,693.4200000000001,688.4
2024-12-01,Aracaju,SE,Nordeste,688.97,-2.200235638139314,1.7771146630425116,False,704.47,676.94,693.4966666666666,689.8516666666668
2025-01-01,Aracaju,SE,Nordeste,702.28,1.931869312161627,3.408772988971176,False,688.97,679.13,698.5733333333334,694.725
2025-02-01,Aracaju,SE,Nordeste,728.42,3.722162100586668,8.03891904719527,False,702.28,674.22,706.5566666666667,699.9883333333333
2025-03-01,Aracaju,SE,Nordeste,722.16,-0.8593943054830966,8.505747126436791,False,728.42,665.55,717.6199999999999,705.5583333333334
2025-04-01,Aracaju,SE,Nordeste,695.58,-3.6806247922897883,5.0027172272205656,False,722.16,662.44,715.3866666666667,706.98
2025-05-01,Aracaju,SE,Nordeste,701.78,0.8913424767819533,4.901418556331172,False,695.58,668.99,706.5066666666667,706.5316666666666
2025-06-01,Aracaju,SE,Nordeste,706.61,0.6882498788794322,3.8735189486373,False,701.78,680.26,701.3233333333334,709.4716666666667
2025-07-01,Aracaju,SE,Nordeste,718.77,1.7208927130949236,6.794544157850946,False,706.61,673.04,709.0533333333333,712.2199999999999
2025-08-01,Aracaju,SE,Nordeste,717.88,-0.12382264145692767,3.019344469318641,False,718.77,696.84,714.42,710.4633333333333
2025-09-01,Aracaju,SE,Nordeste,723.84,0.8302223212793169,5.096262740656865,False,717.88,688.74,720.1633333333333,710.7433333333333
2025-10-01,Aracaju,SE,Nordeste,730.92,0.9781167108753319,6.385270358780293,False,723.84,687.05,724.2133333333333,716.6333333333333
2025-11-01,Aracaju,SE,Nordeste,721.85,-1.2409018770863978,2.467102928442655,False,730.92,704.47,725.5366666666665,719.9783333333334
2025-12-01,Aracaju,SE,Nordeste,730.75,1.2329431322296802,6.0641247078973,False,721.85,688.97,727.84,724.0016666666667
2026-01-01,Aracaju,SE,Nordeste,736.97,0.8511802942182678,4.939625220709698,False,730.75,702.28,729.8566666666666,727.035
2026-02-01,Aracaju,SE,Nordeste,751.66,1.993296877756201,3.190467038247169,False,736.97,728.42,739.7933333333334,732.665
2026-03-01,Aracaju,SE,Nordeste,742.0,-1.2851555224436484,2.747313614711433,False,751.66,722.16,743.5433333333334,735.6916666666666
2020-01-01,Belo Horizonte,MG,Sudeste,601.15,,,False,,,601.15,601.15
2020-02-01,Belo Horizonte,MG,Sudeste,586.36,-2.46028445479497,,False,601.15,,593.755,593.755
2020-03-01,Belo Horizonte,MG,Sudeste,588.92,0.4365918548332015,,False,586.36,,592.1433333333333,592.1433333333333
2020-04-01,Belo Horizonte,MG,Sudeste,577.02,-2.020647965767841,,False,588.92,,584.0999999999999,588.3625
2020-05-01,Belo Horizonte,MG,Sudeste,570.94,-1.0536896468059886,,False,577.02,,578.96,584.8779999999999
2020-06-01,Belo Horizonte,MG,Sudeste,603.47,5.697621466353731,,False,570.94,,583.81,587.9766666666667
2020-07-01,Belo Horizonte,MG,Sudeste,594.97,-1.4085207218254459,,False,603.47,,589.7933333333334,586.9466666666666
2020-08-01,Belo Horizonte,MG,Sudeste,649.95,9.240802057246578,,False,594.97,,616.13,597.545
2020-09-01,Belo Horizonte,MG,Sudeste,651.87,0.29540733902606586,,False,649.95,,632.2633333333334,608.0366666666667
2020-10-01,Belo Horizonte,MG,Sudeste,650.17,-0.2607881939650558,,False,651.87,,650.6633333333334,620.2283333333334
2020-11-01,Belo Horizonte,MG,Sudeste,671.08,3.216081947798277,,False,650.17,,657.7066666666666,636.9183333333334
2020-12-01,Belo Horizonte,MG,Sudeste,657.35,-2.0459557727841693,,False,671.08,,659.5333333333333,645.8983333333333
2021-01-01,Belo Horizonte,MG,Sudeste,611.03,-7.0464744808701685,1.6435165931963702,False,657.35,601.15,646.4866666666667,648.575
2021-02-01,Belo Horizonte,MG,Sudeste,622.62,1.8967972112662324,6.183914318848482,False,611.03,586.36,630.3333333333334,644.02
2021-03-01,Belo Horizonte,MG,Sudeste,619.83,-0.4481063891297987,5.248590640494477,False,622.62,588.92,617.8266666666667,638.68
2021-04-01,Belo Horizonte,MG,Sudeste,613.12,-1.0825548940838647,6.256282277910641,False,619.83,577.02,618.5233333333333,632.505
2021-05-01,Belo Horizonte,MG,Sudeste,602.42,-1.745172233820469,5.5137142256629135,False,613.12,570.94,611.79,621.0616666666666
2021-06-01,Belo Horizonte,MG,Sudeste,630.18,4.6080807410112445,4.426069232936181,False,602.42,603.47,615.24,616.5333333333333
2021-07-01,Belo Horizonte,MG,Sudeste,610.96,-3.049922244438086,2.6875304637208552,False,630.18,594.97,614.52,616.5216666666666
2021-08-01,Belo Horizonte,MG,Sudeste,636.54,4.186853476495989,-2.0632356335102853,False,610.96,649.95,625.8933333333333,618.8416666666667
2021-09-01,Belo Horizonte,MG,Sudeste,619.17,-2.7288151569422214,-5.016337613327815,False,636.54,651.87,622.2233333333334,618.7316666666667
2021-10-01,Belo Horizonte,MG,Sudeste,630.26,1.7911074502963586,-3.0622760201178156,False,619.17,650.17,628.6566666666666,621.5883333333333
2021-11-01,Belo Horizonte,MG,Sudeste,642.94,2.011868117919602,-4.193240746259763,False,630.26,671.08,630.79,628.3416666666667
2021-12-01,Belo Horizonte,MG,Sudeste,637.75,-0.8072292904470202,-2.9816688217844445,False,642.94,657.35,636.9833333333332,629.6033333333334
2022-01-01,Belo Horizonte,MG,Sudeste,658.48,3.250490003920037,7.7655761582900995,False,637.75,611.03,646.39,637.5233333333333
2022-02-01,Belo Horizonte,MG,Sudeste,659.32,0.12756651682663822,5.894446050560531,False,658.48,622.62,651.85,641.32
2022-03-01,Belo Horizonte,MG,Sudeste,654.22,-0.7735242370927708,5.548295500379141,False,659.32,619.83,657.34,647.1616666666667
2022-04-01,Belo Horizonte,MG,Sudeste,645.13,-1.3894408608724929,5.22083768267223,False,654.22,613.12,652.89,649.64
2022-05-01,Belo Horizonte,MG,Sudeste,635.38,-1.5113232991800118,5.471265894226618,False,645.13,602.42,644.91,648.38
2022-06-01,Belo Horizonte,MG,Sudeste,656.22,3.2799269728351677,4.132152718270987,False,635.38,630.18,645.5766666666667,651.4583333333334
2022-07-01,Belo Horizonte,MG,Sudeste,641.37,-2.262960592484231,4.9774125965693194,False,656.22,610.96,644.3233333333333,648.6066666666667
2022-08-01,Belo Horizonte,MG,Sudeste,655.55,2.2108923086517906,2.9864580387721107,False,641.37,636.54,651.0466666666666,647.9783333333334
2022-09-01,Belo Horizonte,MG,Sudeste,665.0,1.4415376401494928,7.401844404606184,False,655.55,619.17,653.9733333333334,649.775
2022-10-01,Belo Horizonte,MG,Sudeste,661.98,-0.4541353383458624,5.032843588360358,False,665.0,630.26,660.8433333333334,652.5833333333334
2022-11-01,Belo Horizonte,MG,Sudeste,666.94,0.7492673494667645,3.7328522101595762,False,661.98,642.94,664.64,657.8433333333334
2022-12-01,Belo Horizonte,MG,Sudeste,664.13,-0.4213272558251213,4.136417091336719,False,666.94,637.75,664.35,659.1616666666667
2023-01-01,Belo Horizonte,MG,Sudeste,690.72,4.003734208663978,4.896124407726887,False,664.13,658.48,673.9300000000001,667.3866666666667
2023-02-01,Belo Horizonte,MG,Sudeste,683.58,-1.033703961084087,3.679548625856932,False,690.72,659.32,679.4766666666666,672.0583333333333
2023-03-01,Belo Horizonte,MG,Sudeste,669.59,-2.04657830831797,2.3493625997370815,False,683.58,654.22,681.2966666666667,672.8233333333334
2023-04-01,Belo Horizonte,MG,Sudeste,672.77,0.4749174868202921,4.284407793777989,False,669.59,645.13,675.3133333333334,674.6216666666667
2023-05-01,Belo Horizonte,MG,Sudeste,656.92,-2.355931447597248,3.390097264629044,False,672.77,635.38,666.4266666666667,672.9516666666667
2023-06-01,Belo Horizonte,MG,Sudeste,684.87,4.254703769104307,4.365913870348348,False,656.92,656.22,671.52,676.4083333333333
2023-07-01,Belo Horizonte,MG,Sudeste,675.06,-1.4323886284988485,5.25281818607044,False,684.87,641.37,672.2833333333333,673.7983333333333
2023-08-01,Belo Horizonte,MG,Sudeste,696.17,3.127129440346055,6.196323697658457,False,675.06,655.55,685.3666666666667,675.8966666666666
2023-09-01,Belo Horizonte,MG,Sudeste,686.41,-1.4019564186908307,3.2195488721804555,False,696.17,665.0,685.88,678.6999999999999
2023-10-01,Belo Horizonte,MG,Sudeste,692.14,0.8347780481053668,4.556028883047825,False,686.41,661.98,691.5733333333333,681.9283333333333
2023-11-01,Belo Horizonte,MG,Sudeste,696.94,0.6935013147629121,4.498155756139988,False,692.14,666.94,691.8299999999999,688.5983333333334
2023-12-01,Belo Horizonte,MG,Sudeste,680.78,-2.3187074927540463,2.5070392844774414,False,696.94,664.13,689.9533333333334,687.9166666666666
2024-01-01,Belo Horizonte,MG,Sudeste,707.58,3.9366608889803034,2.440931202223773,False,680.78,690.72,695.1,693.3366666666667
2024-02-01,Belo Horizonte,MG,Sudeste,723.79,2.2909070352468808,5.882266889025423,False,707.58,683.58,704.0500000000001,697.9399999999999
2024-03-01,Belo Horizonte,MG,Sudeste,710.97,-1.7712319871785898,6.179901133529464,False,723.79,669.59,714.1133333333333,702.0333333333333
2024-04-01,Belo Horizonte,MG,Sudeste,698.31,-1.7806658508797923,3.796245373604634,False,710.97,672.77,711.0233333333332,703.0616666666666
2024-05-01,Belo Horizonte,MG,Sudeste,687.85,-1.497902077873714,4.708335870425628,False,698.31,656.92,699.0433333333334,701.5466666666666
2024-06-01,Belo Horizonte,MG,Sudeste,716.61,4.1811441447990205,4.634456174164447,False,687.85,684.87,700.9233333333333,707.5183333333333
2024-07-01,Belo Horizonte,MG,Sudeste,720.28,0.5121335175339414,6.698663822475037,False,716.61,675.06,708.2466666666666,709.6349999999999
2024-08-01,Belo Horizonte,MG,Sudeste,717.61,-0.37068917643138244,3.079707542697907,False,720.28,696.17,718.1666666666666,708.605
2024-09-01,Belo Horizonte,MG,Sudeste,729.69,1.683365616421173,6.305269445375217,False,717.61,686.41,722.5266666666666,711.7249999999999
2024-10-01,Belo Horizonte,MG,Sudeste,717.12,-1.7226493442420776,3.6090964255786506,False,729.69,692.14,721.4733333333334,714.86
2024-11-01,Belo Horizonte,MG,Sudeste,721.2,0.568942436412323,3.4809309266220945,False,717.12,696.94,722.6700000000001,720.4183333333334
2024-12-01,Belo Horizonte,MG,Sudeste,708.11,-1.8150305047143656,4.014512764769829,False,721.2,680.78,715.4766666666666,719.0016666666667
2025-01-01,Belo Horizonte,MG,Sudeste,752.67,6.292807614636131,6.3724243195115715,False,708.11,707.58,727.3266666666667,724.4
2025-02-01,Belo Horizonte,MG,Sudeste,750.6,-0.2750209255051983,3.7041130714710047,False,752.67,723.79,737.1266666666667,729.8983333333334
2025-03-01,Belo Horizonte,MG,Sudeste,722.69,-3.7183586464161977,1.6484521147165143,False,750.6,710.97,741.9866666666667,728.7316666666667
2025-04-01,Belo Horizonte,MG,Sudeste,713.74,-1.2384286485215057,2.2096203691770233,False,722.69,698.31,729.0100000000001,728.1683333333334
2025-05-01,Belo Horizonte,MG,Sudeste,725.38,1.6308459663182617,5.4561314240023195,False,713.74,687.85,720.6033333333335,728.8650000000001
2025-06-01,Belo Horizonte,MG,Sudeste,754.59,4.026854889850839,5.2999539498471915,False,725.38,716.61,731.2366666666667,736.6116666666667
2025-07-01,Belo Horizonte,MG,Sudeste,750.48,-0.5446666401622058,4.192813905703341,False,754.59,720.28,743.4833333333332,736.2466666666668
2025-08-01,Belo Horizonte,MG,Sudeste,751.12,0.08527875493018477,4.669667368068997,False,750.48,717.61,752.0633333333334,736.3333333333334
2025-09-01,Belo Horizonte,MG,Sudeste,754.22,0.4127170092661725,3.361701544491491,False,751.12,729.69,751.9399999999999,741.5883333333335
2025-10-01,Belo Horizonte,MG,Sudeste,758.6,0.5807324122935054,5.784248103525225,False,754.22,717.12,754.6466666666666,749.065
2025-11-01,Belo Horizonte,MG,Sudeste,756.19,-0.31769048246770293,4.8516361619523,False,758.6,721.2,756.3366666666667,754.1999999999999
2025-12-01,Belo Horizonte,MG,Sudeste,766.9,1.4163107155608978,8.30238239821497,False,756.19,708.11,760.5633333333334,756.2516666666667
2026-01-01,Belo Horizonte,MG,Sudeste,788.47,2.812622245403573,4.756400547384643,False,766.9,752.67,770.5200000000001,762.5833333333334
2026-02-01,Belo Horizonte,MG,Sudeste,807.8,2.4515834464215347,7.6205702104982675,False,788.47,750.6,787.7233333333334,772.0300000000001
2026-03-01,Belo Horizonte,MG,Sudeste,790.0,-2.2035157217132895,9.313813668377868,False,807.8,722.69,795.4233333333333,777.9933333333333
2020-01-01,Belém,PA,Norte,608.13,,,False,,,608.13,608.13
2020-02-01,Belém,PA,Norte,621.82,2.251163402561951,,False,608.13,,614.975,614.975
2020-03-01,Belém,PA,Norte,599.46,-3.5958959184329897,,False,621.82,,609.8033333333334,609.8033333333334
2020-04-01,Belém,PA,Norte,604.01,0.7590164481366513,,False,599.46,,608.4300000000001,608.355
2020-05-01,Belém,PA,Norte,590.61,-2.2185063161205942,,False,604.01,,598.0266666666666,604.806
2020-06-01,Belém,PA,Norte,615.39,4.195662112053644,,False,590.61,,603.3366666666667,606.57
2020-07-01,Belém,PA,Norte,625.06,1.571361250589054,,False,615.39,,610.3533333333334,609.3916666666667
2020-08-01,Belém,PA,Norte,645.41,3.255687454004419,,False,625.06,,628.6199999999999,613.3233333333333
2020-09-01,Belém,PA,Norte,661.4,2.4774949257061474,,False,645.41,,643.9566666666666,623.6466666666666
2020-10-01,Belém,PA,Norte,674.99,2.0547323858482125,,False,661.4,,660.6,635.4766666666666
2020-11-01,Belém,PA,Norte,671.35,-0.5392672484036742,,False,674.99,,669.2466666666666,648.9333333333333
2020-12-01,Belém,PA,Norte,678.56,1.0739554628732995,,False,671.35,,674.9666666666667,659.4616666666667
2021-01-01,Belém,PA,Norte,635.71,-6.3148431973590995,4.53521451005543,False,678.56,608.13,661.8733333333333,661.2366666666667
2021-02-01,Belém,PA,Norte,643.73,1.2615815387519547,3.5235277089832984,False,635.71,621.82,652.6666666666666,660.9566666666667
2021-03-01,Belém,PA,Norte,631.63,-1.8796700480014916,5.366496513528829,False,643.73,599.46,637.0233333333334,655.995
2021-04-01,Belém,PA,Norte,635.15,0.5572882858635664,5.155543782387717,False,631.63,604.01,636.8366666666667,649.355
2021-05-01,Belém,PA,Norte,630.28,-0.7667480122805603,6.716784341612891,False,635.15,590.61,632.3533333333334,642.51
2021-06-01,Belém,PA,Norte,642.99,2.0165640667639817,4.484960756593392,False,630.28,615.39,636.14,636.5816666666666
2021-07-01,Belém,PA,Norte,639.49,-0.5443319491749476,2.308578376475867,False,642.99,625.06,637.5866666666666,637.2116666666667
2021-08-01,Belém,PA,Norte,641.38,0.2955480148243206,-0.6244092902186194,False,639.49,645.41,641.2866666666667,636.82
2021-09-01,Belém,PA,Norte,644.33,0.4599457419938391,-2.5808890232839388,False,641.38,661.4,641.7333333333332,638.9366666666666
2021-10-01,Belém,PA,Norte,653.47,1.4185277730355494,-3.1881953806722985,False,644.33,674.99,646.3933333333334,641.99
2021-11-01,Belém,PA,Norte,649.48,-0.6105865609744909,-3.2576152528487334,False,653.47,671.35,649.0933333333334,645.1899999999999
2021-12-01,Belém,PA,Norte,657.7,1.265627886924925,-3.074157038434322,False,649.48,678.56,653.5500000000001,647.6416666666668
2022-01-01,Belém,PA,Norte,687.69,4.559829709594032,8.17668433719778,False,657.7,635.71,664.9566666666666,655.6750000000001
2022-02-01,Belém,PA,Norte,680.67,-1.0208087946603994,5.738430708526865,False,687.69,643.73,675.3533333333334,662.2233333333334
2022-03-01,Belém,PA,Norte,660.45,-2.9706024946008935,4.562797840507904,False,680.67,631.63,676.2700000000001,664.91
2022-04-01,Belém,PA,Norte,665.26,0.7282913165266081,4.740612453751081,False,660.45,635.15,668.7933333333333,666.875
2022-05-01,Belém,PA,Norte,654.94,-1.5512731864233409,3.9125468045948075,False,665.26,630.28,660.2166666666667,667.785
2022-06-01,Belém,PA,Norte,654.52,-0.06412801172627214,1.7931849639963193,False,654.94,642.99,658.24,667.255
2022-07-01,Belém,PA,Norte,665.37,1.657703355130491,4.0469749331498495,False,654.52,639.49,658.2766666666666,663.535
2022-08-01,Belém,PA,Norte,661.09,-0.6432511234350735,3.0730612117621403,False,665.37,641.38,660.3266666666667,660.2716666666666
2022-09-01,Belém,PA,Norte,675.87,2.2357016442541733,4.89500721679883,False,661.09,644.33,667.4433333333333,662.8416666666667
2022-10-01,Belém,PA,Norte,681.47,0.8285617056534633,4.284817971750798,False,675.87,653.47,672.8100000000001,665.5433333333333
2022-11-01,Belém,PA,Norte,697.39,2.336126315171616,7.376670567222998,False,681.47,649.48,684.91,672.6183333333333
2022-12-01,Belém,PA,Norte,689.25,-1.167209165603178,4.797019917895695,False,697.39,657.7,689.37,678.4066666666668
2023-01-01,Belém,PA,Norte,701.34,1.7540805223068556,1.9849059896174026,False,689.25,687.69,695.9933333333333,684.4016666666666
2023-02-01,Belém,PA,Norte,712.46,1.5855362591610245,4.670398284043675,False,701.34,680.67,701.0166666666668,692.9633333333333
2023-03-01,Belém,PA,Norte,676.99,-4.97852511018163,2.504353092588385,False,712.46,660.45,696.93,693.15
2023-04-01,Belém,PA,Norte,688.81,1.7459637513109305,3.539969335297477,False,676.99,665.26,692.7533333333332,694.3733333333333
2023-05-01,Belém,PA,Norte,695.76,1.0089865129716546,6.232631996824134,False,688.81,654.94,687.1866666666666,694.1016666666666
2023-06-01,Belém,PA,Norte,690.99,-0.6855812349085832,5.572022245309549,False,695.76,654.52,691.8533333333334,694.3916666666665
2023-07-01,Belém,PA,Norte,714.7,3.431308702007274,7.413920074545,False,690.99,665.37,700.4833333333335,696.6183333333333
2023-08-01,Belém,PA,Norte,711.0,-0.5176997341541978,7.549652846057264,False,714.7,661.09,705.5633333333334,696.375
2023-09-01,Belém,PA,Norte,707.73,-0.45991561181434326,4.7139242753784005,False,711.0,675.87,711.1433333333334,701.4983333333333
2023-10-01,Belém,PA,Norte,718.88,1.5754595679143168,5.489603357447859,False,707.73,681.47,712.5366666666665,706.5099999999999
2023-11-01,Belém,PA,Norte,734.76,2.208991764967716,5.358551169360037,False,718.88,697.39,720.4566666666666,713.0100000000001
2023-12-01,Belém,PA,Norte,720.84,-1.8944961620120826,4.583242655059849,False,734.76,689.25,724.8266666666667,717.985
2024-01-01,Belém,PA,Norte,738.61,2.4651795127906384,5.31411298371689,False,720.84,701.34,731.4033333333333,721.9699999999999
2024-02-01,Belém,PA,Norte,735.81,-0.37909045369004524,3.277376975549484,False,738.61,712.46,731.7533333333334,726.105
2024-03-01,Belém,PA,Norte,721.01,-2.01138880961117,6.502311703274777,False,735.81,676.99,731.81,728.3183333333333
2024-04-01,Belém,PA,Norte,726.32,0.7364669005977875,5.4456236117361945,False,721.01,688.81,727.7133333333333,729.5583333333334
2024-05-01,Belém,PA,Norte,715.63,-1.4718030620112454,2.855869840174763,False,726.32,695.76,720.9866666666667,726.3699999999999
2024-06-01,Belém,PA,Norte,736.91,2.9736036778782227,6.645537562048642,False,715.63,690.99,726.2866666666667,729.0483333333333
2024-07-01,Belém,PA,Norte,735.38,-0.20762372609951507,2.8935217573807126,False,736.91,714.7,729.3066666666667,728.5099999999999
2024-08-01,Belém,PA,Norte,745.91,1.4319127525904918,4.909985935302386,False,735.38,711.0,739.4,730.1933333333333
2024-09-01,Belém,PA,Norte,747.63,0.23059082194902825,5.637743207155266,False,745.91,707.73,742.9733333333334,734.63
2024-10-01,Belém,PA,Norte,756.16,1.14093869962415,5.185844647229021,False,747.63,718.88,749.9,739.6033333333334
2024-11-01,Belém,PA,Norte,746.69,-1.252380448582302,1.6236594262072135,False,756.16,734.76,750.16,744.7800000000001
2024-12-01,Belém,PA,Norte,751.53,0.6481940296508393,4.257532878308634,False,746.69,720.84,751.46,747.2166666666667
2025-01-01,Belém,PA,Norte,763.92,1.6486367809668279,3.4267069224624525,False,751.53,738.61,754.0466666666667,751.9733333333334
2025-02-01,Belém,PA,Norte,771.2,0.9529793695675082,4.809665538658092,False,763.92,735.81,762.2166666666667,756.1883333333334
2025-03-01,Belém,PA,Norte,765.53,-0.7352178423236655,6.174671641170026,False,771.2,721.01,766.8833333333332,759.1716666666666
2025-04-01,Belém,PA,Norte,760.06,-0.7145376405888748,4.64533538936005,False,765.53,726.32,765.5966666666667,759.8216666666667
2025-05-01,Belém,PA,Norte,750.54,-1.2525326947872562,4.878219191481636,False,760.06,715.63,758.71,760.4633333333333
2025-06-01,Belém,PA,Norte,780.46,3.986463079915814,5.909812595839403,False,750.54,736.91,763.6866666666666,765.285
2025-07-01,Belém,PA,Norte,788.4,1.0173487430489736,7.209877886262883,False,780.46,735.38,773.1333333333333,769.3649999999999
2025-08-01,Belém,PA,Norte,784.88,-0.44647387113140313,5.224490890321887,False,788.4,745.91,784.5799999999999,771.645
2025-09-01,Belém,PA,Norte,800.74,2.020691061053914,7.103781282185051,False,784.88,747.63,791.34,777.5133333333333
2025-10-01,Belém,PA,Norte,783.47,-2.1567550016235004,3.611669487939073,False,800.74,756.16,789.6966666666667,781.415
2025-11-01,Belém,PA,Norte,783.77,0.03829119174951767,4.965916243688806,False,783.47,746.69,789.3266666666667,786.9533333333333
2025-12-01,Belém,PA,Norte,783.57,-0.025517690138676663,4.263302862161211,False,783.77,751.53,783.6033333333334,787.4716666666667
2026-01-01,Belém,PA,Norte,830.25,5.957349056242567,8.682846371347797,False,783.57,763.92,799.1966666666667,794.4466666666667
2026-02-01,Belém,PA,Norte,827.69,-0.3083408611863847,7.324948132780085,False,830.25,771.2,813.8366666666667,801.5816666666666
2026-03-01,Belém,PA,Norte,810.0,-2.137273616933888,5.809047326688699,False,827.69,765.53,822.6466666666666,803.125
2020-01-01,Boa Vista,RR,Norte,572.57,,,False,,,572.57,572.57
2020-02-01,Boa Vista,RR,Norte,567.46,-0.8924672965750946,,False,572.57,,570.0150000000001,570.0150000000001
2020-03-01,Boa Vista,RR,Norte,577.22,1.7199450181510478,,False,567.46,,572.4166666666666,572.4166666666666
2020-04-01,Boa Vista,RR,Norte,558.14,-3.3054987699663974,,False,577.22,,567.6066666666667,568.8475000000001
2020-05-01,Boa Vista,RR,Norte,552.15,-1.0732074389938062,,False,558.14,,562.5033333333334,565.508
2020-06-01,Boa Vista,RR,Norte,583.61,5.697727066920222,,False,552.15,,564.6333333333333,568.525
2020-07-01,Boa Vista,RR,Norte,602.91,3.3070029643083476,,False,583.61,,579.5566666666667,573.5816666666666
2020-08-01,Boa Vista,RR,Norte,632.23,4.863080725149693,,False,602.91,,606.25,584.3766666666667
2020-09-01,Boa Vista,RR,Norte,641.67,1.4931275010676481,,False,632.23,,625.6033333333334,595.1183333333333
2020-10-01,Boa Vista,RR,Norte,638.32,-0.5220752099988957,,False,641.67,,637.4066666666668,608.4816666666667
2020-11-01,Boa Vista,RR,Norte,639.58,0.19739315703721783,,False,638.32,,639.8566666666667,623.0533333333334
2020-12-01,Boa Vista,RR,Norte,650.45,1.6995528315457031,,False,639.58,,642.7833333333334,634.1933333333333
2021-01-01,Boa Vista,RR,Norte,607.63,-6.5831347528634065,6.123268770630652,False,650.45,572.57,632.5533333333334,634.98
2021-02-01,Boa Vista,RR,Norte,614.68,1.1602455441633852,8.321291368554595,False,607.63,567.46,624.2533333333333,632.055
2021-03-01,Boa Vista,RR,Norte,605.65,-1.4690570703455363,4.9253317625861825,False,614.68,577.22,609.32,626.0516666666666
2021-04-01,Boa Vista,RR,Norte,591.21,-2.384215305869719,5.925036729136068,False,605.65,558.14,603.8466666666667,618.1999999999999
2021-05-01,Boa Vista,RR,Norte,607.03,2.6758681348420854,9.939328081137377,False,591.21,552.15,601.2966666666666,612.775
2021-06-01,Boa Vista,RR,Norte,609.4,0.39042551438972506,4.419046966295981,False,607.03,583.61,602.5466666666666,605.9333333333333
2021-07-01,Boa Vista,RR,Norte,607.35,-0.3363964555300192,0.7364283226352297,False,609.4,602.91,607.9266666666666,605.8866666666667
2021-08-01,Boa Vista,RR,Norte,620.3,2.132213715320641,-1.8869715135314769,False,607.35,632.23,612.35,606.8233333333334
2021-09-01,Boa Vista,RR,Norte,611.43,-1.429953248428184,-4.712702791154333,False,620.3,641.67,613.0266666666666,607.7866666666667
2021-10-01,Boa Vista,RR,Norte,621.48,1.643687748393119,-2.6381752099260636,False,611.43,638.32,617.7366666666667,612.8316666666666
2021-11-01,Boa Vista,RR,Norte,623.82,0.3765205638154079,-2.4641170768316734,False,621.48,639.58,618.91,615.63
2021-12-01,Boa Vista,RR,Norte,635.23,1.829053252540791,-2.3399185179491133,False,623.82,650.45,626.8433333333334,619.9350000000001
2022-01-01,Boa Vista,RR,Norte,645.59,1.630905341372424,6.24722281651664,False,635.23,607.63,634.88,626.3083333333333
2022-02-01,Boa Vista,RR,Norte,644.32,-0.19671928003841543,4.822021214290384,False,645.59,614.68,641.7133333333335,630.3116666666667
2022-03-01,Boa Vista,RR,Norte,641.11,-0.49819965234666475,5.854866672170411,False,644.32,605.65,643.6733333333334,635.2583333333333
2022-04-01,Boa Vista,RR,Norte,638.82,-0.3571929934020668,8.052976099862995,False,641.11,591.21,641.4166666666666,638.1483333333333
2022-05-01,Boa Vista,RR,Norte,634.83,-0.6245890861275472,4.579674810141188,False,638.82,607.03,638.2533333333333,639.9833333333335
2022-06-01,Boa Vista,RR,Norte,642.77,1.2507285414992797,5.47587791270101,False,634.83,609.4,638.8066666666667,641.2400000000001
2022-07-01,Boa Vista,RR,Norte,634.92,-1.2212766619475124,4.539392442578394,False,642.77,607.35,637.5066666666667,639.4616666666667
2022-08-01,Boa Vista,RR,Norte,639.64,0.7434007434007572,3.1178462034499477,False,634.92,620.3,639.11,638.6816666666667
2022-09-01,Boa Vista,RR,Norte,648.47,1.3804640110061994,6.057929771192128,False,639.64,611.43,641.01,639.9083333333334
2022-10-01,Boa Vista,RR,Norte,648.81,0.05243110706738552,4.3975670978953385,False,648.47,621.48,645.64,641.5733333333334
2022-11-01,Boa Vista,RR,Norte,654.96,0.9478892125583949,4.991824564778291,False,648.81,623.82,650.7466666666667,644.9283333333333
2022-12-01,Boa Vista,RR,Norte,659.7,0.7237083180652304,3.852148040867087,False,654.96,635.23,654.49,647.75
2023-01-01,Boa Vista,RR,Norte,679.53,3.0059117780809386,5.25720658622344,False,659.7,645.59,664.73,655.1850000000001
2023-02-01,Boa Vista,RR,Norte,677.6,-0.28401983724043456,5.1651353364787544,False,679.53,644.32,672.2766666666666,661.5116666666667
2023-03-01,Boa Vista,RR,Norte,671.58,-0.8884297520661111,4.75269454539784,False,677.6,641.11,676.2366666666667,665.3633333333333
2023-04-01,Boa Vista,RR,Norte,660.98,-1.5783674320259733,3.468895776588088,False,671.58,638.82,670.0533333333334,667.3916666666668
2023-05-01,Boa Vista,RR,Norte,647.47,-2.0439347635329397,1.991084227273432,False,660.98,634.83,660.01,666.1433333333333
2023-06-01,Boa Vista,RR,Norte,668.72,3.282005343876926,4.037213933444317,False,647.47,642.77,659.0566666666667,667.6466666666666
2023-07-01,Boa Vista,RR,Norte,677.96,1.3817442277784364,6.778806778806801,False,668.72,634.92,664.7166666666667,667.3850000000001
2023-08-01,Boa Vista,RR,Norte,672.32,-0.8319074871673826,5.1091238821837415,False,677.96,639.64,673.0,666.505
2023-09-01,Boa Vista,RR,Norte,689.69,2.583591147072828,6.3565006862306594,False,672.32,648.47,679.9900000000001,669.5233333333333
2023-10-01,Boa Vista,RR,Norte,700.05,1.5021241427307874,7.897535488047347,False,689.69,648.81,687.3533333333334,676.035
2023-11-01,Boa Vista,RR,Norte,700.48,0.061424183986868996,6.950042750702323,False,700.05,654.96,696.7399999999999,684.87
2023-12-01,Boa Vista,RR,Norte,691.96,-1.216308816811329,4.890101561315752,False,700.48,659.7,697.4966666666666,688.7433333333333
2024-01-01,Boa Vista,RR,Norte,722.47,4.409214405456963,6.319073477256354,False,691.96,679.53,704.9700000000001,696.1616666666667
2024-02-01,Boa Vista,RR,Norte,714.75,-1.0685564798538438,5.482585596221967,False,722.47,677.6,709.7266666666668,703.2333333333335
2024-03-01,Boa Vista,RR,Norte,699.85,-2.0846449807625067,4.209476160695669,False,714.75,671.58,712.3566666666667,704.9266666666667
2024-04-01,Boa Vista,RR,Norte,690.04,-1.401728941916136,4.396502163454263,False,699.85,660.98,701.5466666666666,703.2583333333333
2024-05-01,Boa Vista,RR,Norte,695.48,0.7883600950669534,7.415015367507372,False,690.04,647.47,695.1233333333333,702.4250000000001
2024-06-01,Boa Vista,RR,Norte,708.43,1.8620233507793182,5.93821031223829,False,695.48,668.72,697.9833333333332,705.17
2024-07-01,Boa Vista,RR,Norte,715.93,1.058679050858946,5.600625405628645,False,708.43,677.96,706.6133333333333,704.0799999999999
2024-08-01,Boa Vista,RR,Norte,718.88,0.4120514575447487,6.925273679200372,False,715.93,672.32,714.4133333333333,704.7683333333333
2024-09-01,Boa Vista,RR,Norte,720.67,0.24899844202090904,4.49187316040538,False,718.88,689.69,718.4933333333333,708.2383333333332
2024-10-01,Boa Vista,RR,Norte,727.21,0.9074888645288492,3.8797228769373637,False,720.67,700.05,722.2533333333334,714.4333333333333
2024-11-01,Boa Vista,RR,Norte,736.31,1.2513579296214106,5.115063956144339,False,727.21,700.48,728.0633333333332,721.2383333333333
2024-12-01,Boa Vista,RR,Norte,737.47,0.15754233950375784,6.576969767038565,False,736.31,691.96,733.6633333333333,726.0783333333333
2025-01-01,Boa Vista,RR,Norte,735.76,-0.23187383893582547,1.839522748349398,False,737.47,722.47,736.5133333333333,729.3833333333333
2025-02-01,Boa Vista,RR,Norte,730.38,-0.7312167010981807,2.186778593913963,False,735.76,714.75,734.5366666666667,731.3000000000001
2025-03-01,Boa Vista,RR,Norte,746.69,2.233084147977782,6.692862756304918,False,730.38,699.85,737.61,735.6366666666667
2025-04-01,Boa Vista,RR,Norte,720.29,-3.53560379809561,4.3838038374586885,False,746.69,690.04,732.4533333333334,734.4833333333332
2025-05-01,Boa Vista,RR,Norte,731.57,1.5660359022060755,5.189221832403534,False,720.29,695.48,732.85,733.6933333333333
2025-06-01,Boa Vista,RR,Norte,737.38,0.7941823748923493,4.0865011363155235,False,731.57,708.43,729.7466666666666,733.6783333333333
2025-07-01,Boa Vista,RR,Norte,734.54,-0.385147413816489,2.599416144036426,False,737.38,715.93,734.4966666666666,733.4749999999999
2025-08-01,Boa Vista,RR,Norte,755.4,2.8398725733111974,5.080124638326278,False,734.54,718.88,742.4399999999999,737.645
2025-09-01,Boa Vista,RR,Norte,759.31,0.5176065660577045,5.361677328041958,False,755.4,720.67,749.75,739.7483333333333
2025-10-01,Boa Vista,RR,Norte,750.91,-1.1062675323649018,3.259031091431619,False,759.31,727.21,755.2066666666666,744.8516666666666
2025-11-01,Boa Vista,RR,Norte,737.15,-1.8324433021267517,0.11408238377856872,False,750.91,736.31,749.1233333333333,745.7816666666666
2025-12-01,Boa Vista,RR,Norte,755.57,2.498812995998101,2.4543371255779878,False,737.15,737.47,747.8766666666667,748.8133333333334
2026-01-01,Boa Vista,RR,Norte,780.45,3.292878224386886,6.073991518973587,False,755.57,735.76,757.7233333333334,756.465
2026-02-01,Boa Vista,RR,Norte,767.94,-1.6029213915048968,5.1425285467838755,False,780.45,730.38,767.9866666666667,758.555
2026-03-01,Boa Vista,RR,Norte,768.0,0.007813110399235157,2.8539286718718637,False,767.94,746.69,772.13,760.0033333333332
2020-01-01,Brasília,DF,Centro-Oeste,632.97,,,False,,,632.97,632.97
2020-02-01,Brasília,DF,Centro-Oeste,646.67,2.1643995765991964,,False,632.97,,639.8199999999999,639.8199999999999
2020-03-01,Brasília,DF,Centro-Oeste,624.14,-3.4840026597801055,,False,646.67,,634.5933333333334,634.5933333333334
2020-04-01,Brasília,DF,Centro-Oeste,607.9,-2.6019803249271,,False,624.14,,626.2366666666667,627.92
2020-05-01,Brasília,DF,Centro-Oeste,635.57,4.551735482809693,,False,607.9,,622.5366666666666,629.45
2020-06-01,Brasília,DF,Centro-Oeste,636.54,0.15261890901079322,,False,635.57,,626.67,630.6316666666667
2020-07-01,Brasília,DF,Centro-Oeste,650.58,2.2056744273730056,,False,636.54,,640.8966666666666,633.5666666666666
2020-08-01,Brasília,DF,Centro-Oeste,682.67,4.9325217498232155,,False,650.58,,656.5966666666667,639.5666666666667
2020-09-01,Brasília,DF,Centro-Oeste,694.14,1.680167577306757,,False,682.67,,675.7966666666666,651.2333333333333
2020-10-01,Brasília,DF,Centro-Oeste,702.51,1.2058086265018586,,False,694.14,,693.1066666666667,667.0016666666667
2020-11-01,Brasília,DF,Centro-Oeste,706.39,0.5523053052625571,,False,702.51,,701.0133333333333,678.805
2020-12-01,Brasília,DF,Centro-Oeste,705.98,-0.058041591755253474,,False,706.39,,704.96,690.3783333333334
2021-01-01,Brasília,DF,Centro-Oeste,678.53,-3.8882121306552664,7.1978134824715045,False,705.98,632.97,696.9666666666666,695.0366666666667
2021-02-01,Brasília,DF,Centro-Oeste,668.41,-1.4914594785786939,3.3618383410394914,False,678.53,646.67,684.3066666666667,692.66
2021-03-01,Brasília,DF,Centro-Oeste,665.89,-0.37701410810729863,6.689204345178967,False,668.41,624.14,670.9433333333333,687.9516666666667
2021-04-01,Brasília,DF,Centro-Oeste,661.3,-0.6893030380393239,8.784339529527884,False,665.89,607.9,665.1999999999999,681.0833333333334
2021-05-01,Brasília,DF,Centro-Oeste,667.79,0.9814002721911352,5.06946520446212,False,661.3,635.57,664.9933333333333,674.65
2021-06-01,Brasília,DF,Centro-Oeste,682.88,2.2596924182752165,7.279982404876373,False,667.79,636.54,670.6566666666666,670.8
2021-07-01,Brasília,DF,Centro-Oeste,671.61,-1.6503631677600716,3.2325002305634953,False,682.88,650.58,674.0933333333334,669.6466666666666
2021-08-01,Brasília,DF,Centro-Oeste,671.77,0.02382334986077428,-1.596671891250523,False,671.61,682.67,675.42,670.2066666666666
2021-09-01,Brasília,DF,Centro-Oeste,697.72,3.8629292763892487,0.5157461030915966,False,671.77,694.14,680.3666666666667,675.5116666666667
2021-10-01,Brasília,DF,Centro-Oeste,693.63,-0.5861950352576972,-1.2640389460648271,False,697.72,702.51,687.7066666666666,680.9
2021-11-01,Brasília,DF,Centro-Oeste,688.47,-0.7439124605337133,-2.5368422542787927,False,693.63,706.39,693.2733333333334,684.3466666666667
2021-12-01,Brasília,DF,Centro-Oeste,710.38,3.182418987029201,0.6232471174820731,False,688.47,705.98,697.4933333333333,688.93
2022-01-01,Brasília,DF,Centro-Oeste,716.45,0.8544722542864536,5.588551722105151,False,710.38,678.53,705.1,696.4033333333333
2022-02-01,Brasília,DF,Centro-Oeste,728.57,1.6916742270919105,9.0004637871965,False,716.45,668.41,718.4666666666667,705.87
2022-03-01,Brasília,DF,Centro-Oeste,709.14,-2.6668679742509416,6.495066752766965,False,728.57,665.89,718.0533333333333,707.7733333333332
2022-04-01,Brasília,DF,Centro-Oeste,717.98,1.2465803649490903,8.570996522002128,False,709.14,661.3,718.5633333333334,711.8316666666666
2022-05-01,Brasília,DF,Centro-Oeste,719.08,0.1532076102398472,7.680558259333026,False,717.98,667.79,715.4,716.9333333333334
2022-06-01,Brasília,DF,Centro-Oeste,717.4,-0.23363186293597904,5.0550609184629725,False,719.08,682.88,718.1533333333333,718.1033333333334
2022-07-01,Brasília,DF,Centro-Oeste,730.79,1.8664622247003049,8.811661529756854,False,717.4,671.61,722.4233333333333,720.4933333333333
2022-08-01,Brasília,DF,Centro-Oeste,731.84,0.14368012698586785,8.942048617830523,False,730.79,671.77,726.6766666666667,721.0383333333333
2022-09-01,Brasília,DF,Centro-Oeste,741.29,1.2912658504591112,6.244625351143718,False,731.84,697.72,734.64,726.3966666666666
2022-10-01,Brasília,DF,Centro-Oeste,726.31,-2.02080157563167,4.711445583380192,False,741.29,693.63,733.1466666666666,727.785
2022-11-01,Brasília,DF,Centro-Oeste,743.23,2.329583786537448,7.9538687234011585,False,726.31,688.47,736.9433333333333,731.81
2022-12-01,Brasília,DF,Centro-Oeste,749.93,0.9014706080217261,5.567442777105214,False,743.23,710.38,739.8233333333333,737.2316666666666
2023-01-01,Brasília,DF,Centro-Oeste,746.04,-0.5187150800741391,4.130085839905084,False,749.93,716.45,746.4,739.7733333333332
2023-02-01,Brasília,DF,Centro-Oeste,754.49,1.1326470430540025,3.5576540346157426,False,746.04,728.57,750.1533333333333,743.5483333333333
2023-03-01,Brasília,DF,Centro-Oeste,736.44,-2.392344497607646,3.8497334799898475,False,754.49,709.14,745.6566666666668,742.7399999999999
2023-04-01,Brasília,DF,Centro-Oeste,743.06,0.8989191244364703,3.4931335134683383,False,736.44,717.98,744.6633333333333,745.5316666666666
2023-05-01,Brasília,DF,Centro-Oeste,754.71,1.5678410895486383,4.954942426433773,False,743.06,719.08,744.7366666666667,747.445
2023-06-01,Brasília,DF,Centro-Oeste,776.24,2.8527513879503363,8.201839977697233,False,754.71,717.4,758.0033333333334,751.8299999999999
2023-07-01,Brasília,DF,Centro-Oeste,768.67,-0.9752138513861808,5.1834316287852955,False,776.24,730.79,766.54,755.6016666666666
2023-08-01,Brasília,DF,Centro-Oeste,784.99,2.123147774727774,7.262516397026664,False,768.67,731.84,776.6333333333333,760.6850000000001
2023-09-01,Brasília,DF,Centro-Oeste,764.82,-2.569459483560299,3.1741963334187773,False,784.99,741.29,772.8266666666667,765.415
2023-10-01,Brasília,DF,Centro-Oeste,766.15,0.1738971261211697,5.485261114400197,False,764.82,726.31,771.9866666666667,769.2633333333333
2023-11-01,Brasília,DF,Centro-Oeste,783.27,2.2345493702277563,5.387295991819485,False,766.15,743.23,771.4133333333334,774.0233333333334
2023-12-01,Brasília,DF,Centro-Oeste,790.75,0.9549708274286139,5.443174696304998,False,783.27,749.93,780.0566666666667,776.4416666666666
2024-01-01,Brasília,DF,Centro-Oeste,807.22,2.082832753714836,8.20063267385127,False,790.75,746.04,793.7466666666666,782.8666666666667
2024-02-01,Brasília,DF,Centro-Oeste,795.02,-1.5113599762146657,5.371840581054754,False,807.22,754.49,797.6633333333333,784.5383333333334
2024-03-01,Brasília,DF,Centro-Oeste,798.96,0.4955850167291498,8.489489978817,False,795.02,736.44,800.4,790.2283333333334
2024-04-01,Brasília,DF,Centro-Oeste,781.22,-2.2203865024531866,5.135520684736106,False,798.96,743.06,791.7333333333335,792.7399999999999
2024-05-01,Brasília,DF,Centro-Oeste,801.01,2.533217275543387,6.134806746962407,False,781.22,754.71,793.73,795.6966666666667
2024-06-01,Brasília,DF,Centro-Oeste,814.78,1.7190796619268145,4.96495929094094,False,801.01,776.24,799.0033333333334,799.7016666666667
2024-07-01,Brasília,DF,Centro-Oeste,808.43,-0.779351481381485,5.172570804116194,False,814.78,768.67,808.0733333333333,799.9033333333333
2024-08-01,Brasília,DF,Centro-Oeste,815.96,0.9314350036490504,3.9452731881934877,False,808.43,784.99,813.0566666666667,803.3933333333334
2024-09-01,Brasília,DF,Centro-Oeste,815.74,-0.02696210598559512,6.6577756857822745,False,815.96,764.82,813.3766666666667,806.19
2024-10-01,Brasília,DF,Centro-Oeste,827.87,1.4869934047613276,8.05586373425571,False,815.74,766.15,819.8566666666667,813.965
2024-11-01,Brasília,DF,Centro-Oeste,840.2,1.4893642721683475,7.268247219988,False,827.87,783.27,827.9366666666666,820.4966666666668
2024-12-01,Brasília,DF,Centro-Oeste,828.88,-1.347298262318497,4.822004426177684,False,840.2,790.75,832.3166666666666,822.8466666666667
2025-01-01,Brasília,DF,Centro-Oeste,861.84,3.976450149599464,6.766432942692213,False,828.88,807.22,843.64,831.7483333333333
2025-02-01,Brasília,DF,Centro-Oeste,857.9,-0.45716142207370414,7.909234987799052,False,861.84,795.02,849.54,838.7383333333333
2025-03-01,Brasília,DF,Centro-Oeste,843.16,-1.7181489684112372,5.532191849404211,False,857.9,798.96,854.3000000000001,843.3083333333334
2025-04-01,Brasília,DF,Centro-Oeste,840.13,-0.3593623985957528,7.54076956555132,False,843.16,781.22,847.0633333333332,845.3516666666668
2025-05-01,Brasília,DF,Centro-Oeste,831.22,-1.0605501529525108,3.771488495774089,False,840.13,801.01,838.1700000000001,843.8549999999999
2025-06-01,Brasília,DF,Centro-Oeste,846.25,1.808185558576536,3.862392302216544,False,831.22,814.78,839.2000000000002,846.75
2025-07-01,Brasília,DF,Centro-Oeste,839.59,-0.7870014771048761,3.85438442413073,False,846.25,808.43,839.02,843.0416666666666
2025-08-01,Brasília,DF,Centro-Oeste,862.58,2.738241284436449,5.7135153684004125,False,839.59,815.96,849.4733333333334,843.8216666666667
2025-09-01,Brasília,DF,Centro-Oeste,845.84,-1.9406895592292916,3.689901194007894,False,862.58,815.74,849.3366666666667,844.2683333333333
2025-10-01,Brasília,DF,Centro-Oeste,838.44,-0.8748699517639236,1.2767705074468338,False,845.84,827.87,848.9533333333334,843.9866666666667
2025-11-01,Brasília,DF,Centro-Oeste,843.63,0.6190067267783039,0.4082361342537366,False,838.44,840.2,842.6366666666667,846.0550000000002
2025-12-01,Brasília,DF,Centro-Oeste,839.31,-0.512072828135568,1.2583244860534748,False,843.63,828.88,840.46,844.8983333333332
2026-01-01,Brasília,DF,Centro-Oeste,853.39,1.677568478869551,-0.9804604102849779,False,839.31,861.84,845.4433333333333,847.1983333333334
2026-02-01,Brasília,DF,Centro-Oeste,857.66,0.5003573981415377,-0.027975288495163397,False,853.39,857.9,850.1199999999999,846.3783333333334
2026-03-01,Brasília,DF,Centro-Oeste,840.0,-2.059091015087555,-0.3747805873143828,False,857.66,843.16,850.35,845.4050000000001
2020-01-01,Campo Grande,MS,Centro-Oeste,605.28,,,False,,,605.28,605.28
2020-02-01,Campo Grande,MS,Centro-Oeste,627.36,3.6478984932593272,,False,605.28,,616.3199999999999,616.3199999999999
2020-03-01,Campo Grande,MS,Centro-Oeste,595.03,-5.153340984442756,,False,627.36,,609.2233333333334,609.2233333333334
2020-04-01,Campo Grande,MS,Centro-Oeste,590.38,-0.7814732030317795,,False,595.03,,604.2566666666667,604.5125
2020-05-01,Campo Grande,MS,Centro-Oeste,606.57,2.74230156848132,,False,590.38,,597.3266666666667,604.924
2020-06-01,Campo Grande,MS,Centro-Oeste,608.42,0.3049936528347841,,False,606.57,,601.7900000000001,605.5066666666667
2020-07-01,Campo Grande,MS,Centro-Oeste,607.8,-0.10190329049012403,,False,608.42,,607.5966666666667,605.9266666666667
2020-08-01,Campo Grande,MS,Centro-Oeste,660.65,8.695294504771311,,False,607.8,,625.6233333333333,611.475
2020-09-01,Campo Grande,MS,Centro-Oeste,661.69,0.1574207220162105,,False,660.65,,643.38,622.5849999999999
2020-10-01,Campo Grande,MS,Centro-Oeste,653.16,-1.2891233054753815,,False,661.69,,658.5,633.0483333333333
2020-11-01,Campo Grande,MS,Centro-Oeste,654.14,0.15003980647927406,,False,653.16,,656.3299999999999,640.9766666666667
2020-12-01,Campo Grande,MS,Centro-Oeste,682.57,4.346164429632804,,False,654.14,,663.29,653.335
2021-01-01,Campo Grande,MS,Centro-Oeste,634.34,-7.065941954671318,4.801083795929162,False,682.57,605.28,657.0166666666668,657.7583333333333
2021-02-01,Campo Grande,MS,Centro-Oeste,636.15,0.28533593971686866,1.401109410864576,False,634.34,627.36,651.0200000000001,653.6750000000001
2021-03-01,Campo Grande,MS,Centro-Oeste,624.61,-1.8140375697555555,4.9711779238021725,False,636.15,595.03,631.6999999999999,647.495
2021-04-01,Campo Grande,MS,Centro-Oeste,624.61,0.0,5.797960635522892,False,624.61,590.38,628.4566666666666,642.7366666666667
2021-05-01,Campo Grande,MS,Centro-Oeste,641.1,2.6400473895710874,5.692665314802903,False,624.61,606.57,630.1066666666667,640.5633333333334
2021-06-01,Campo Grande,MS,Centro-Oeste,636.9,-0.6551240056153596,4.68097695670755,False,641.1,608.42,634.2033333333333,632.9516666666667
2021-07-01,Campo Grande,MS,Centro-Oeste,630.49,-1.0064374313078939,3.7331358999671105,False,636.9,607.8,636.1633333333333,632.3100000000001
2021-08-01,Campo Grande,MS,Centro-Oeste,636.62,0.9722596710495024,-3.6373268750472976,False,630.49,660.65,634.67,632.3883333333333
2021-09-01,Campo Grande,MS,Centro-Oeste,648.75,1.9053752631082999,-1.9555985431244371,False,636.62,661.69,638.62,636.4116666666666
2021-10-01,Campo Grande,MS,Centro-Oeste,638.03,-1.6524084778420045,-2.316430889827914,False,648.75,653.16,641.1333333333333,638.6483333333333
2021-11-01,Campo Grande,MS,Centro-Oeste,652.03,2.194254188674516,-0.32256091968080325,False,638.03,654.14,646.27,640.4699999999999
2021-12-01,Campo Grande,MS,Centro-Oeste,629.17,-3.505973651519101,-7.823373426901281,False,652.03,682.57,639.7433333333333,639.1816666666667
2022-01-01,Campo Grande,MS,Centro-Oeste,661.45,5.130568844668382,4.273733329129481,False,629.17,634.34,647.55,644.3416666666667
2022-02-01,Campo Grande,MS,Centro-Oeste,670.91,1.4301912465038757,5.464120097461289,False,661.45,636.15,653.8433333333332,650.0566666666667
2022-03-01,Campo Grande,MS,Centro-Oeste,665.55,-0.7989149066193746,6.554490001761093,False,670.91,624.61,665.9699999999999,652.8566666666667
2022-04-01,Campo Grande,MS,Centro-Oeste,641.54,-3.6075426339117977,2.7104913466002634,False,665.55,624.61,659.3333333333334,653.4416666666666
2022-05-01,Campo Grande,MS,Centro-Oeste,638.61,-0.45671353306105944,-0.3883949461862435,False,641.54,641.1,648.5666666666667,651.205
2022-06-01,Campo Grande,MS,Centro-Oeste,661.04,3.5123158109017893,3.7902339456743483,False,638.61,636.9,647.0633333333334,656.5166666666667
2022-07-01,Campo Grande,MS,Centro-Oeste,656.72,-0.6535156722739854,4.160256308585386,False,661.04,630.49,652.1233333333333,655.7283333333334
2022-08-01,Campo Grande,MS,Centro-Oeste,667.14,1.5866731636009268,4.794068675190855,False,656.72,636.62,661.6333333333333,655.1
2022-09-01,Campo Grande,MS,Centro-Oeste,670.9,0.5635998441106738,3.4142581888246593,False,667.14,648.75,664.92,655.9916666666667
2022-10-01,Campo Grande,MS,Centro-Oeste,663.03,-1.1730511253540077,3.9183110512044816,False,670.9,638.03,667.0233333333333,659.5733333333334
2022-11-01,Campo Grande,MS,Centro-Oeste,682.66,2.9606503476464097,4.69763661181235,False,663.03,652.03,672.1966666666666,666.915
2022-12-01,Campo Grande,MS,Centro-Oeste,677.62,-0.7382884598482353,7.700621453661172,False,682.66,629.17,674.4366666666666,669.6783333333333
2023-01-01,Campo Grande,MS,Centro-Oeste,703.81,3.8649980815206098,6.404112177791199,False,677.62,661.45,688.0300000000001,677.5266666666666
2023-02-01,Campo Grande,MS,Centro-Oeste,683.13,-2.938293005214465,1.821406746061327,False,703.81,670.91,688.1866666666666,680.1916666666666
2023-03-01,Campo Grande,MS,Centro-Oeste,678.75,-0.6411663958543756,1.9833220644579708,False,683.13,665.55,688.5633333333334,681.5
2023-04-01,Campo Grande,MS,Centro-Oeste,683.37,0.6806629834254174,6.520248152882124,False,678.75,641.54,681.75,684.89
2023-05-01,Campo Grande,MS,Centro-Oeste,675.51,-1.1501821853461491,5.778174472682851,False,683.37,638.61,679.2099999999999,683.6983333333334
2023-06-01,Campo Grande,MS,Centro-Oeste,693.68,2.6898195437521144,4.937673968292389,False,675.51,661.04,684.1866666666666,686.375
2023-07-01,Campo Grande,MS,Centro-Oeste,697.73,0.5838426940376173,6.244670483615544,False,693.68,656.72,688.9733333333334,685.3616666666667
2023-08-01,Campo Grande,MS,Centro-Oeste,701.72,0.5718544422627758,5.183319842911538,False,697.73,667.14,697.71,688.46
2023-09-01,Campo Grande,MS,Centro-Oeste,697.78,-0.5614775123981119,4.006558354449252,False,701.72,670.9,699.0766666666667,691.6316666666667
2023-10-01,Campo Grande,MS,Centro-Oeste,707.16,1.3442632348304562,6.655807429528071,False,697.78,663.03,702.2199999999999,695.5966666666667
2023-11-01,Campo Grande,MS,Centro-Oeste,702.47,-0.6632162452627322,2.9018838074590603,False,707.16,682.66,702.4699999999999,700.09
2023-12-01,Campo Grande,MS,Centro-Oeste,716.9,2.054180249690374,5.796759245594862,False,702.47,677.62,708.8433333333334,703.96
2024-01-01,Campo Grande,MS,Centro-Oeste,727.66,1.500906681545544,3.3886986544664044,False,716.9,703.81,715.6766666666666,708.9483333333334
2024-02-01,Campo Grande,MS,Centro-Oeste,732.68,0.6898826374955203,7.2533778343799815,False,727.66,683.13,725.7466666666666,714.1083333333332
2024-03-01,Campo Grande,MS,Centro-Oeste,740.47,1.0632199596003922,9.09318600368325,False,732.68,678.75,733.6033333333334,721.2233333333334
2024-04-01,Campo Grande,MS,Centro-Oeste,703.03,-5.056248058665447,2.8769187994790446,False,740.47,683.37,725.3933333333333,720.535
2024-05-01,Campo Grande,MS,Centro-Oeste,725.79,3.2374151885410374,7.443265088599715,False,703.03,675.51,723.0966666666667,724.4216666666666
2024-06-01,Campo Grande,MS,Centro-Oeste,707.13,-2.570991609143136,1.9389343789643743,False,725.79,693.68,711.9833333333332,722.7933333333334
2024-07-01,Campo Grande,MS,Centro-Oeste,714.63,1.0606253447032366,2.422140369483894,False,707.13,697.73,715.85,720.6216666666666
2024-08-01,Campo Grande,MS,Centro-Oeste,724.2,1.3391545275177386,3.2035569742917325,False,714.63,701.72,715.32,719.2083333333334
2024-09-01,Campo Grande,MS,Centro-Oeste,727.59,0.4681027340513566,4.272120152483594,False,724.2,697.78,722.14,717.0616666666666
2024-10-01,Campo Grande,MS,Centro-Oeste,741.52,1.9145397820200971,4.8588721081509245,False,727.59,707.16,731.1033333333334,723.4766666666668
2024-11-01,Campo Grande,MS,Centro-Oeste,745.11,0.48414068400044474,6.070010107193191,False,741.52,702.47,738.0733333333334,726.6966666666667
2024-12-01,Campo Grande,MS,Centro-Oeste,743.67,-0.1932600555622721,3.734133072952983,False,745.11,716.9,743.4333333333334,732.7866666666667
2025-01-01,Campo Grande,MS,Centro-Oeste,762.4,2.5185902349160294,4.7742077343814415,False,743.67,727.66,750.3933333333333,740.7483333333333
2025-02-01,Campo Grande,MS,Centro-Oeste,770.82,1.1044071353620177,5.205546759840596,False,762.4,732.68,758.9633333333333,748.5183333333334
2025-03-01,Campo Grande,MS,Centro-Oeste,761.18,-1.2506162268752896,2.796872256809846,False,770.82,740.47,764.8000000000001,754.1166666666667
2025-04-01,Campo Grande,MS,Centro-Oeste,735.49,-3.375022990619825,4.617157162567742,False,761.18,703.03,755.8299999999999,753.1116666666667
2025-05-01,Campo Grande,MS,Centro-Oeste,746.58,1.5078383118737104,2.8644649278717127,False,735.49,725.79,747.75,753.3566666666666
2025-06-01,Campo Grande,MS,Centro-Oeste,763.77,2.3024993972514674,8.009842603198836,False,746.58,707.13,748.6133333333333,756.7066666666666
2025-07-01,Campo Grande,MS,Centro-Oeste,771.67,1.0343427995338939,7.981752795152741,False,763.77,714.63,760.6733333333333,758.2516666666667
2025-08-01,Campo Grande,MS,Centro-Oeste,765.06,-0.8565837728562786,5.642087821043895,False,771.67,724.2,766.8333333333334,757.2916666666666
2025-09-01,Campo Grande,MS,Centro-Oeste,774.02,1.171149975165342,6.381341139927699,False,765.06,727.59,770.25,759.4316666666667
2025-10-01,Campo Grande,MS,Centro-Oeste,778.48,0.5762125009689756,4.984356457007233,False,774.02,741.52,772.52,766.5966666666667
2025-11-01,Campo Grande,MS,Centro-Oeste,776.09,-0.30700852944198775,4.157775362027083,False,778.48,745.11,776.1966666666667,771.515
2025-12-01,Campo Grande,MS,Centro-Oeste,779.43,0.43036245796232997,4.8085844527814725,False,776.09,743.67,778.0,774.125
2026-01-01,Campo Grande,MS,Centro-Oeste,805.4,3.331922045597424,5.64008394543547,False,779.43,762.4,786.9733333333334,779.7466666666666
2026-02-01,Campo Grande,MS,Centro-Oeste,807.19,0.22224981375715824,4.718351885005578,False,805.4,770.82,797.34,786.7683333333333
2026-03-01,Campo Grande,MS,Centro-Oeste,800.0,-0.8907444343958737,5.09997635250532,False,807.19,761.18,804.1966666666667,791.0983333333334
2020-01-01,Cuiabá,MT,Centro-Oeste,599.93,,,False,,,599.93,599.93
2020-02-01,Cuiabá,MT,Centro-Oeste,581.79,-3.0236860967112755,,False,599.93,,590.8599999999999,590.8599999999999
2020-03-01,Cuiabá,MT,Centro-Oeste,586.12,0.7442547998418814,,False,581.79,,589.28,589.28
2020-04-01,Cuiabá,MT,Centro-Oeste,582.21,-0.6670988875998041,,False,586.12,,583.3733333333333,587.5125
2020-05-01,Cuiabá,MT,Centro-Oeste,580.47,-0.29886123563662714,,False,582.21,,582.9333333333333,586.104
2020-06-01,Cuiabá,MT,Centro-Oeste,590.66,1.7554740124381851,,False,580.47,,584.4466666666667,586.8633333333333
2020-07-01,Cuiabá,MT,Centro-Oeste,594.08,0.5790133071479575,,False,590.66,,588.4033333333333,585.8883333333333
2020-08-01,Cuiabá,MT,Centro-Oeste,649.49,9.327026663075678,,False,594.08,,611.41,597.1716666666667
2020-09-01,Cuiabá,MT,Centro-Oeste,636.99,-1.924586983633314,,False,649.49,,626.8533333333334,605.65
2020-10-01,Cuiabá,MT,Centro-Oeste,662.58,4.01733151226864,,False,636.99,,649.6866666666666,619.045
2020-11-01,Cuiabá,MT,Centro-Oeste,654.43,-1.230040146095579,,False,662.58,,651.3333333333334,631.3716666666667
2020-12-01,Cuiabá,MT,Centro-Oeste,662.71,1.265223171309393,,False,654.43,,659.9066666666666,643.38
2021-01-01,Cuiabá,MT,Centro-Oeste,631.12,-4.766790904015339,5.19893987631892,False,662.71,599.93,649.42,649.5533333333333
2021-02-01,Cuiabá,MT,Centro-Oeste,627.25,-0.613195588794524,7.813815981711625,False,631.12,581.79,640.36,645.8466666666667
2021-03-01,Cuiabá,MT,Centro-Oeste,621.24,-0.9581506576325172,5.991947041561452,False,627.25,586.12,626.5366666666667,643.2216666666667
2021-04-01,Cuiabá,MT,Centro-Oeste,599.87,-3.439894404738908,3.0332697823809207,False,621.24,582.21,616.12,632.77
2021-05-01,Cuiabá,MT,Centro-Oeste,625.21,4.224248587193902,7.7075473323341415,False,599.87,580.47,615.44,627.9
2021-06-01,Cuiabá,MT,Centro-Oeste,640.7,2.477567537307457,8.471878915111919,False,625.21,590.66,621.9266666666666,624.2316666666667
2021-07-01,Cuiabá,MT,Centro-Oeste,621.74,-2.95926330575933,4.655938594128739,False,640.7,594.08,629.2166666666667,622.6683333333334
2021-08-01,Cuiabá,MT,Centro-Oeste,635.4,2.197059864251938,-2.169394447951478,False,621.74,649.49,632.6133333333333,624.0266666666668
2021-09-01,Cuiabá,MT,Centro-Oeste,632.14,-0.5130626377085279,-0.7613934284682711,False,635.4,636.99,629.76,625.8433333333334
2021-10-01,Cuiabá,MT,Centro-Oeste,643.89,1.8587654633467343,-2.8207914515983035,False,632.14,662.58,637.1433333333333,633.18
2021-11-01,Cuiabá,MT,Centro-Oeste,653.86,1.5484011244156548,-0.08709869657563818,False,643.89,654.43,643.2966666666666,637.955
2021-12-01,Cuiabá,MT,Centro-Oeste,659.95,0.9313920411097243,-0.4164717598949763,False,653.86,662.71,652.5666666666667,641.1633333333333
2022-01-01,Cuiabá,MT,Centro-Oeste,677.52,2.662322903250236,7.352009126632009,False,659.95,631.12,663.7766666666666,650.46
2022-02-01,Cuiabá,MT,Centro-Oeste,682.51,0.73650962333216,8.80988441610202,False,677.52,627.25,673.3266666666667,658.3116666666666
2022-03-01,Cuiabá,MT,Centro-Oeste,660.5,-3.224861174195248,6.319618826862405,False,682.51,621.24,673.51,663.0383333333333
2022-04-01,Cuiabá,MT,Centro-Oeste,646.56,-2.1105223315669996,7.783353059829623,False,660.5,599.87,663.1899999999999,663.4833333333333
2022-05-01,Cuiabá,MT,Centro-Oeste,658.24,1.8064835436773174,5.283024903632372,False,646.56,625.21,655.1,664.2133333333333
2022-06-01,Cuiabá,MT,Centro-Oeste,677.74,2.9624453087019997,5.781176837833613,False,658.24,640.7,660.8466666666667,667.1783333333334
2022-07-01,Cuiabá,MT,Centro-Oeste,666.35,-1.6805854752559912,7.175024930035057,False,677.74,621.74,667.4433333333333,665.3166666666667
2022-08-01,Cuiabá,MT,Centro-Oeste,692.97,3.994897576348766,9.060434372049109,False,666.35,635.4,679.02,667.0600000000001
2022-09-01,Cuiabá,MT,Centro-Oeste,690.41,-0.36942436180499305,9.21789477014585,False,692.97,632.14,683.2433333333333,672.045
2022-10-01,Cuiabá,MT,Centro-Oeste,685.13,-0.7647629669326861,6.404820699187752,False,690.41,643.89,689.5033333333334,678.4733333333334
2022-11-01,Cuiabá,MT,Centro-Oeste,684.67,-0.06714054267074054,4.712017863151119,False,685.13,653.86,686.7366666666667,682.8783333333334
2022-12-01,Cuiabá,MT,Centro-Oeste,688.6,0.5739991528765698,4.341237972573686,False,684.67,659.95,686.1333333333333,684.6883333333334
2023-01-01,Cuiabá,MT,Centro-Oeste,712.1,3.412721463839685,5.103908371708599,False,688.6,677.52,695.1233333333333,692.3133333333334
2023-02-01,Cuiabá,MT,Centro-Oeste,713.38,0.17975003510741772,4.523010651858583,False,712.1,682.51,704.6933333333333,695.715
2023-03-01,Cuiabá,MT,Centro-Oeste,712.44,-0.1317670806582627,7.863739591218777,False,713.38,660.5,712.64,699.3866666666667
2023-04-01,Cuiabá,MT,Centro-Oeste,695.13,-2.4296782886980006,7.512063845582784,False,712.44,646.56,706.9833333333332,701.0533333333333
2023-05-01,Cuiabá,MT,Centro-Oeste,705.55,1.4990001870153646,7.18734807972774,False,695.13,658.24,704.3733333333333,704.5333333333333
2023-06-01,Cuiabá,MT,Centro-Oeste,715.67,1.4343420026929454,5.596541446572423,False,705.55,677.74,705.4499999999999,709.045
2023-07-01,Cuiabá,MT,Centro-Oeste,721.78,0.8537454413346968,8.318451264350557,False,715.67,666.35,714.3333333333334,710.6583333333333
2023-08-01,Cuiabá,MT,Centro-Oeste,721.53,-0.034636592867631766,4.121390536386849,False,721.78,692.97,719.66,712.0166666666665
2023-09-01,Cuiabá,MT,Centro-Oeste,732.79,1.5605726719609692,6.1383815414029375,False,721.53,690.41,725.3666666666667,715.4083333333333
2023-10-01,Cuiabá,MT,Centro-Oeste,736.7,0.5335771503432118,7.527038664195129,False,732.79,685.13,730.34,722.3366666666666
2023-11-01,Cuiabá,MT,Centro-Oeste,738.4,0.23075878919505133,7.847576204594908,False,736.7,684.67,735.9633333333333,727.8116666666666
2023-12-01,Cuiabá,MT,Centro-Oeste,743.4,0.6771397616468056,7.958176009294204,False,738.4,688.6,739.5,732.4333333333333
2024-01-01,Cuiabá,MT,Centro-Oeste,749.68,0.844767285445247,5.277348686982153,False,743.4,712.1,743.8266666666667,737.0833333333334
2024-02-01,Cuiabá,MT,Centro-Oeste,763.76,1.8781346707928748,7.062154812301991,False,749.68,713.38,752.2800000000001,744.1216666666666
2024-03-01,Cuiabá,MT,Centro-Oeste,760.12,-0.4765895045564017,6.692493402953215,False,763.76,712.44,757.8533333333334,748.6766666666666
2024-04-01,Cuiabá,MT,Centro-Oeste,746.65,-1.772088617586698,7.411563304705582,False,760.12,695.13,756.8433333333332,750.335
2024-05-01,Cuiabá,MT,Centro-Oeste,738.34,-1.1129712716801632,4.647438168804485,False,746.65,705.55,748.37,750.3249999999999
2024-06-01,Cuiabá,MT,Centro-Oeste,761.5,3.136766259446855,6.403789456034215,False,738.34,715.67,748.83,753.3416666666667
2024-07-01,Cuiabá,MT,Centro-Oeste,768.87,0.9678266579120187,6.524148632547311,False,761.5,721.78,756.2366666666667,756.54
2024-08-01,Cuiabá,MT,Centro-Oeste,763.79,-0.6607098729304095,5.856998323008056,False,768.87,721.53,764.7199999999999,756.545
2024-09-01,Cuiabá,MT,Centro-Oeste,762.99,-0.10474083190404881,4.12123527886572,False,763.79,732.79,765.2166666666666,757.0233333333332
2024-10-01,Cuiabá,MT,Centro-Oeste,775.36,1.6212532274341829,5.247726347224102,False,762.99,736.7,767.38,761.8083333333334
2024-11-01,Cuiabá,MT,Centro-Oeste,776.01,0.08383202641353282,5.093445287107268,False,775.36,738.4,771.4533333333334,768.0866666666667
2024-12-01,Cuiabá,MT,Centro-Oeste,785.89,1.2731794693367382,5.715630885122414,False,776.01,743.4,779.0866666666667,772.1516666666666
2025-01-01,Cuiabá,MT,Centro-Oeste,793.16,0.9250658489101449,5.799807918045041,False,785.89,749.68,785.02,776.1999999999999
2025-02-01,Cuiabá,MT,Centro-Oeste,814.6,2.7031116042160575,6.656541321881226,False,793.16,763.76,797.8833333333333,784.6683333333334
2025-03-01,Cuiabá,MT,Centro-Oeste,793.26,-2.6196906457156888,4.359837920328369,False,814.6,760.12,800.34,789.7133333333333
2025-04-01,Cuiabá,MT,Centro-Oeste,798.42,0.6504802964979906,6.93363691153821,False,793.26,746.65,802.0933333333334,793.5566666666667
2025-05-01,Cuiabá,MT,Centro-Oeste,786.63,-1.4766664161719345,6.540347265487445,False,798.42,738.34,792.77,795.3266666666667
2025-06-01,Cuiabá,MT,Centro-Oeste,798.96,1.5674459402768903,4.91923834537098,False,786.63,761.5,794.6700000000001,797.505
2025-07-01,Cuiabá,MT,Centro-Oeste,796.08,-0.360468609191944,3.5389597721331434,False,798.96,768.87,793.89,797.9916666666667
2025-08-01,Cuiabá,MT,Centro-Oeste,790.32,-0.7235453723243856,3.473467838018318,False,796.08,763.79,795.12,793.945
2025-09-01,Cuiabá,MT,Centro-Oeste,812.93,2.860866484461977,6.545302035413303,False,790.32,762.99,799.7766666666666,797.2233333333334
2025-10-01,Cuiabá,MT,Centro-Oeste,788.22,-3.0396221076845364,1.6585843995047478,False,812.93,775.36,797.1566666666668,795.5233333333334
2025-11-01,Cuiabá,MT,Centro-Oeste,797.91,1.2293522113115518,2.8221285808172514,False,788.22,776.01,799.6866666666666,797.4033333333333
2025-12-01,Cuiabá,MT,Centro-Oeste,779.96,-2.249627150931799,-0.754558526002358,False,797.91,785.89,788.6966666666667,794.2366666666667
2026-01-01,Cuiabá,MT,Centro-Oeste,804.75,3.178368121442121,1.461243633062681,False,779.96,793.16,794.2066666666666,795.6816666666667
2026-02-01,Cuiabá,MT,Centro-Oeste,803.47,-0.15905560733147084,-1.36631475570832,False,804.75,814.6,796.0600000000001,797.8733333333333
2026-03-01,Cuiabá,MT,Centro-Oeste,782.0,-2.672159508133476,-1.4194589415828296,False,803.47,793.26,796.7400000000001,792.7183333333334
2020-01-01,Curitiba,PR,Sul,650.23,,,False,,,650.23,650.23
2020-02-01,Curitiba,PR,Sul,637.5,-1.9577687895052542,,False,650.23,,643.865,643.865
2020-03-01,Curitiba,PR,Sul,628.35,-1.4352941176470568,,False,637.5,,638.6933333333333,638.6933333333333
2020-04-01,Curitiba,PR,Sul,627.37,-0.15596403278428372,,False,628.35,,631.0733333333334,635.8625
2020-05-01,Curitiba,PR,Sul,628.53,0.18489886350956386,,False,627.37,,628.0833333333334,634.396
2020-06-01,Curitiba,PR,Sul,648.66,3.2027110877762333,,False,628.53,,634.8533333333334,636.7733333333333
2020-07-01,Curitiba,PR,Sul,640.26,-1.2949773378965856,,False,648.66,,639.15,635.1116666666667
2020-08-01,Curitiba,PR,Sul,707.1,10.439508949489284,,False,640.26,,665.34,646.7116666666667
2020-09-01,Curitiba,PR,Sul,701.12,-0.8457078206760005,,False,707.1,,682.8266666666667,658.84
2020-10-01,Curitiba,PR,Sul,713.41,1.7529096303057878,,False,701.12,,707.21,673.18
2020-11-01,Curitiba,PR,Sul,707.97,-0.762534867747855,,False,713.41,,707.5,686.4200000000001
2020-12-01,Curitiba,PR,Sul,708.81,0.11864909530063805,,False,707.97,,710.0633333333334,696.445
2021-01-01,Curitiba,PR,Sul,692.76,-2.264358572819225,6.5407624994232805,False,708.81,650.23,703.18,705.195
2021-02-01,Curitiba,PR,Sul,689.39,-0.486459957272356,8.139607843137252,False,692.76,637.5,696.9866666666667,702.2433333333333
2021-03-01,Curitiba,PR,Sul,656.55,-4.76363161635649,4.487944616853645,False,689.39,628.35,679.5666666666666,694.815
2021-04-01,Curitiba,PR,Sul,660.58,0.6138146371182929,5.293526945821458,False,656.55,627.37,668.84,686.0100000000001
2021-05-01,Curitiba,PR,Sul,677.14,2.506887886402853,7.7339188264681,False,660.58,628.53,664.7566666666667,680.8716666666667
2021-06-01,Curitiba,PR,Sul,671.5,-0.832914906813953,3.5211050473283434,False,677.14,648.66,669.7399999999999,674.6533333333333
2021-07-01,Curitiba,PR,Sul,690.67,2.854802680565882,7.873363945896972,False,671.5,640.26,679.77,674.305
2021-08-01,Curitiba,PR,Sul,693.29,0.3793417985434422,-1.9530476594541213,False,690.67,707.1,685.1533333333333,674.9549999999999
2021-09-01,Curitiba,PR,Sul,685.83,-1.076028790260919,-2.180796439981736,False,693.29,701.12,689.93,679.835
2021-10-01,Curitiba,PR,Sul,694.84,1.313736640275276,-2.6029912672936972,False,685.83,713.41,691.32,685.5450000000001
2021-11-01,Curitiba,PR,Sul,681.69,-1.8925220194577097,-3.7120216958345664,False,694.84,707.97,687.4533333333334,686.3033333333333
2021-12-01,Curitiba,PR,Sul,716.09,5.046282034355798,1.0270735458021374,False,681.69,708.81,697.5400000000001,693.735
2022-01-01,Curitiba,PR,Sul,717.1,0.14104372355430161,3.5134823026733653,False,716.09,692.76,704.96,698.14
2022-02-01,Curitiba,PR,Sul,729.63,1.7473155766280835,5.837044343550102,False,717.1,689.39,720.94,704.1966666666667
2022-03-01,Curitiba,PR,Sul,717.5,-1.6624864657429073,9.283375218947532,False,729.63,656.55,721.41,709.475
2022-04-01,Curitiba,PR,Sul,716.3,-0.16724738675958362,8.43501165642313,False,717.5,660.58,721.1433333333333,713.0516666666666
2022-05-01,Curitiba,PR,Sul,705.53,-1.503559960910228,4.192633724192918,False,716.3,677.14,713.11,717.0250000000001
2022-06-01,Curitiba,PR,Sul,725.05,2.76671438493048,7.974683544303796,False,705.53,671.5,715.6266666666666,718.5183333333333
2022-07-01,Curitiba,PR,Sul,731.54,0.8951106820219268,5.917442483385704,False,725.05,690.67,720.7066666666666,720.9249999999998
2022-08-01,Curitiba,PR,Sul,737.71,0.8434261967903423,6.407131214931705,False,731.54,693.29,731.4333333333333,722.2716666666666
2022-09-01,Curitiba,PR,Sul,743.64,0.8038389068875329,8.429202572065964,False,737.71,685.83,737.6300000000001,726.6283333333334
2022-10-01,Curitiba,PR,Sul,734.29,-1.2573288150180217,5.677566058373151,False,743.64,694.84,738.5466666666667,729.6266666666667
2022-11-01,Curitiba,PR,Sul,736.51,0.3023328657614899,8.041778521028608,False,734.29,681.69,738.1466666666666,734.79
2022-12-01,Curitiba,PR,Sul,756.45,2.7073631043706303,5.636163052130327,False,736.51,716.09,742.4166666666666,740.0233333333332
2023-01-01,Curitiba,PR,Sul,748.01,-1.1157379866481687,4.310416957188679,False,756.45,717.1,746.9900000000001,742.7683333333333
2023-02-01,Curitiba,PR,Sul,780.72,4.372936190692633,7.002179186711066,False,748.01,729.63,761.7266666666668,749.9366666666666
2023-03-01,Curitiba,PR,Sul,754.47,-3.3622809714110025,5.1526132404181135,False,780.72,717.5,761.0666666666666,751.7416666666667
2023-04-01,Curitiba,PR,Sul,749.26,-0.6905509828091239,4.601423984364095,False,754.47,716.3,761.4833333333332,754.2366666666667
2023-05-01,Curitiba,PR,Sul,747.61,-0.22021728105063865,5.964310518333749,False,749.26,705.53,750.4466666666667,756.0866666666666
2023-06-01,Curitiba,PR,Sul,768.01,2.728695442811091,5.925108613199104,False,747.61,725.05,754.96,758.0133333333333
2023-07-01,Curitiba,PR,Sul,782.43,1.8775797190140775,6.956557399458685,False,768.01,731.54,766.0166666666668,763.75
2023-08-01,Curitiba,PR,Sul,782.32,-0.014058765640367898,6.047091675590677,False,782.43,737.71,777.5866666666666,764.0166666666668
2023-09-01,Curitiba,PR,Sul,784.01,0.21602413334695925,5.4287020601366365,False,782.32,743.64,782.9200000000001,768.9399999999999
2023-10-01,Curitiba,PR,Sul,784.71,0.08928457545185342,6.866496888150464,False,784.01,734.29,783.68,774.8483333333334
2023-11-01,Curitiba,PR,Sul,776.38,-1.0615386575932528,5.413368453924594,False,784.71,736.51,781.6999999999999,779.6433333333333
2023-12-01,Curitiba,PR,Sul,785.16,1.1308895128674168,3.7953599048185405,False,776.38,756.45,782.0833333333334,782.5016666666667
2024-01-01,Curitiba,PR,Sul,809.08,3.0465128126751395,8.164329353885647,False,785.16,748.01,790.2066666666666,786.9433333333333
2024-02-01,Curitiba,PR,Sul,819.58,1.2977703070153668,4.977456706629768,False,809.08,780.72,804.6066666666667,793.1533333333333
2024-03-01,Curitiba,PR,Sul,804.5,-1.8399668122697,6.63114504221507,False,819.58,754.47,811.0533333333334,796.5683333333333
2024-04-01,Curitiba,PR,Sul,803.75,-0.09322560596644047,7.272508875423744,False,804.5,749.26,809.2766666666666,799.7416666666667
2024-05-01,Curitiba,PR,Sul,803.68,-0.008709175738730313,7.499899680314592,False,803.75,747.61,803.9766666666668,804.2916666666666
2024-06-01,Curitiba,PR,Sul,816.6,1.6076050169221645,6.326740537232589,False,803.68,768.01,808.0100000000001,809.5316666666666
2024-07-01,Curitiba,PR,Sul,838.48,2.6794024001959293,7.16358012857381,False,816.6,782.43,819.5866666666667,814.4316666666667
2024-08-01,Curitiba,PR,Sul,827.66,-1.2904303024520614,5.79558237038551,False,838.48,782.32,827.5799999999999,815.7783333333333
2024-09-01,Curitiba,PR,Sul,825.1,-0.3093057535702992,5.241004579023234,False,827.66,784.01,830.4133333333334,819.2116666666667
2024-10-01,Curitiba,PR,Sul,847.61,2.7281541631317463,8.015700067540866,False,825.1,784.71,833.4566666666666,826.5216666666666
2024-11-01,Curitiba,PR,Sul,846.53,-0.12741709040714477,9.03552384141786,False,847.61,776.38,839.7466666666666,833.6633333333333
2024-12-01,Curitiba,PR,Sul,855.68,1.0808831346792225,8.981608844057254,False,846.53,785.16,849.94,840.1766666666667
2025-01-01,Curitiba,PR,Sul,861.41,0.6696428571428603,6.467840015820436,False,855.68,809.08,854.54,843.9983333333333
2025-02-01,Curitiba,PR,Sul,874.45,1.5137971465388311,6.69489250591766,False,861.41,819.58,863.8466666666667,851.7966666666666
2025-03-01,Curitiba,PR,Sul,842.3,-3.6765967179369974,4.698570540708502,False,874.45,804.5,859.3866666666667,854.6633333333333
2025-04-01,Curitiba,PR,Sul,851.63,1.1076813486881276,5.957076205287715,False,842.3,803.75,856.1266666666667,855.3333333333334
2025-05-01,Curitiba,PR,Sul,842.64,-1.0556227469675772,4.847700577344227,False,851.63,803.68,845.5233333333332,854.6850000000001
2025-06-01,Curitiba,PR,Sul,844.53,0.22429507262888837,3.420279206465837,False,842.64,816.6,846.2666666666668,852.8266666666667
2025-07-01,Curitiba,PR,Sul,861.76,2.0401880335808142,2.776452628565984,False,844.53,838.48,849.6433333333333,852.8849999999999
2025-08-01,Curitiba,PR,Sul,837.98,-2.7594689936873307,1.2468888190803051,False,861.76,827.66,848.09,846.8066666666667
2025-09-01,Curitiba,PR,Sul,835.65,-0.2780495954557427,1.2786328929826674,False,837.98,825.1,845.13,845.6983333333333
2025-10-01,Curitiba,PR,Sul,851.54,1.9015137916591929,0.4636566345371129,False,835.65,847.61,841.7233333333334,845.6833333333333
2025-11-01,Curitiba,PR,Sul,851.4,-0.016440801371631064,0.5752897121188871,False,851.54,846.53,846.1966666666667,847.1433333333333
2025-12-01,Curitiba,PR,Sul,852.64,0.14564247122386131,-0.35527299925205424,False,851.4,855.68,851.86,848.4949999999999
2026-01-01,Curitiba,PR,Sul,865.96,1.5622067930193273,0.5282037589533495,False,852.64,861.41,856.6666666666666,849.1949999999998
2026-02-01,Curitiba,PR,Sul,869.53,0.4122592267541192,-0.5626393733203838,False,865.96,874.45,862.71,854.4533333333334
2026-03-01,Curitiba,PR,Sul,845.0,-2.8210642531022456,0.32055087261071424,False,869.53,842.3,860.1633333333334,856.0116666666668
2020-01-01,Florianópolis,SC,Sul,654.25,,,False,,,654.25,654.25
2020-02-01,Florianópolis,SC,Sul,634.8,-2.9728696981276337,,False,654.25,,644.525,644.525
2020-03-01,Florianópolis,SC,Sul,643.06,1.3011972274732164,,False,634.8,,644.0366666666666,644.0366666666666
2020-04-01,Florianópolis,SC,Sul,629.95,-2.0386900133735453,,False,643.06,,635.9366666666666,640.515
2020-05-01,Florianópolis,SC,Sul,645.39,2.450988173664559,,False,629.95,,639.4666666666667,641.49
2020-06-01,Florianópolis,SC,Sul,645.34,-0.007747253598588966,,False,645.39,,640.2266666666667,642.1316666666667
2020-07-01,Florianópolis,SC,Sul,654.16,1.3667214181671605,,False,645.34,,648.2966666666666,642.1166666666667
2020-08-01,Florianópolis,SC,Sul,715.22,9.334107863519648,,False,654.16,,671.5733333333334,655.52
2020-09-01,Florianópolis,SC,Sul,721.82,0.9227929867733131,,False,715.22,,697.0666666666666,668.6466666666666
2020-10-01,Florianópolis,SC,Sul,709.03,-1.771909894433521,,False,721.82,,715.3566666666667,681.8266666666667
2020-11-01,Florianópolis,SC,Sul,719.71,1.5062832320212216,,False,709.03,,716.8533333333334,694.2133333333335
2020-12-01,Florianópolis,SC,Sul,722.36,0.3682038598880055,,False,719.71,,717.0333333333333,707.0500000000001
2021-01-01,Florianópolis,SC,Sul,684.17,-5.286837587906312,4.573175391669837,False,722.36,654.25,708.7466666666666,712.0516666666667
2021-02-01,Florianópolis,SC,Sul,707.13,3.355891079702422,11.394139886578447,False,684.17,634.8,704.5533333333333,710.7033333333334
2021-03-01,Florianópolis,SC,Sul,686.2,-2.959851795285162,6.708549746524439,False,707.13,643.06,692.5,704.7666666666668
2021-04-01,Florianópolis,SC,Sul,666.15,-2.9218886621976248,5.746487816493362,False,686.2,629.95,686.4933333333333,697.62
2021-05-01,Florianópolis,SC,Sul,687.11,3.1464384898296283,6.464308402671248,False,666.15,645.39,679.82,692.1866666666666
2021-06-01,Florianópolis,SC,Sul,710.7,3.4332202995153605,10.127994545510898,False,687.11,645.34,687.9866666666667,690.2433333333333
2021-07-01,Florianópolis,SC,Sul,705.61,-0.7161953004080512,7.865048306224787,False,710.7,654.16,701.14,693.8166666666666
2021-08-01,Florianópolis,SC,Sul,688.83,-2.3780842108246714,-3.6897737759011173,False,705.61,715.22,701.7133333333333,690.7666666666668
2021-09-01,Florianópolis,SC,Sul,700.78,1.7348257189727434,-2.9148541187553834,False,688.83,721.82,698.4066666666668,693.1966666666667
2021-10-01,Florianópolis,SC,Sul,718.47,2.5243300322497886,1.3313964148202517,False,700.78,709.03,702.6933333333333,701.9166666666666
2021-11-01,Florianópolis,SC,Sul,706.37,-1.6841343410302523,-1.8535243361909703,False,718.47,719.71,708.54,705.1266666666667
2021-12-01,Florianópolis,SC,Sul,719.3,1.8304854396421044,-0.42361149565314227,False,706.37,722.36,714.7133333333333,706.56
2022-01-01,Florianópolis,SC,Sul,740.08,2.88891978312249,8.171945569083716,False,719.3,684.17,721.9166666666666,712.305
2022-02-01,Florianópolis,SC,Sul,730.3,-1.3214787590530852,3.276625231569863,False,740.08,707.13,729.8933333333333,719.2166666666667
2022-03-01,Florianópolis,SC,Sul,726.55,-0.5134876078323969,5.880209851355267,False,730.3,686.2,732.31,723.5116666666667
2022-04-01,Florianópolis,SC,Sul,693.93,-4.489711650953132,4.170231929745549,False,726.55,666.15,716.9266666666666,719.4216666666666
2022-05-01,Florianópolis,SC,Sul,715.43,3.098295217096836,4.121610804674636,False,693.93,687.11,711.9699999999999,720.9316666666667
2022-06-01,Florianópolis,SC,Sul,736.46,2.939490935521305,3.624595469255665,False,715.43,710.7,715.2733333333334,723.7916666666666
2022-07-01,Florianópolis,SC,Sul,732.35,-0.5580751160959241,3.7896288317909255,False,736.46,705.61,728.0799999999999,722.5033333333332
2022-08-01,Florianópolis,SC,Sul,759.27,3.6758380555745207,10.226035451417603,False,732.35,688.83,742.6933333333333,727.3316666666666
2022-09-01,Florianópolis,SC,Sul,738.67,-2.713132350810654,5.406832386769023,False,759.27,700.78,743.43,729.3516666666666
2022-10-01,Florianópolis,SC,Sul,750.51,1.6028808534257477,4.459476387323047,False,738.67,718.47,749.4833333333332,738.7816666666666
2022-11-01,Florianópolis,SC,Sul,759.01,1.1325631903638778,7.452185115449406,False,750.51,706.37,749.3966666666666,746.0450000000001
2022-12-01,Florianópolis,SC,Sul,773.46,1.9037957339165468,7.529542610871687,False,759.01,719.3,760.9933333333333,752.2116666666667
2023-01-01,Florianópolis,SC,Sul,769.74,-0.4809557055309943,4.007674845962583,False,773.46,740.08,767.4033333333333,758.4433333333333
2023-02-01,Florianópolis,SC,Sul,794.61,3.230961103749319,8.80597014925375,False,769.74,730.3,779.27,764.3333333333334
2023-03-01,Florianópolis,SC,Sul,774.01,-2.5924667446923677,6.53224141490607,False,794.61,726.55,779.4533333333333,770.2233333333334
2023-04-01,Florianópolis,SC,Sul,758.45,-2.0103099443159578,9.297767786376166,False,774.01,693.93,775.69,771.5466666666666
2023-05-01,Florianópolis,SC,Sul,774.0,2.050234029929454,8.18668493074095,False,758.45,715.43,768.82,774.0450000000001
2023-06-01,Florianópolis,SC,Sul,787.72,1.7726098191214401,6.960323710724281,False,774.0,736.46,773.39,776.4216666666667
2023-07-01,Florianópolis,SC,Sul,785.43,-0.29071243589093854,7.247900593978285,False,787.72,732.35,782.3833333333333,779.0366666666667
2023-08-01,Florianópolis,SC,Sul,794.92,1.208255350572296,4.695299432349498,False,785.43,759.27,789.3566666666666,779.0883333333335
2023-09-01,Florianópolis,SC,Sul,795.42,0.06289941126151888,7.682727063506034,False,794.92,738.67,791.9233333333333,782.6566666666666
2023-10-01,Florianópolis,SC,Sul,803.59,1.027130321088232,7.07252401700178,False,795.42,750.51,797.9766666666668,790.18
2023-11-01,Florianópolis,SC,Sul,812.17,1.0677086573999128,7.0038602916957515,False,803.59,759.01,803.7266666666666,796.5416666666666
2023-12-01,Florianópolis,SC,Sul,823.77,1.4282724060233676,6.504538049802178,False,812.17,773.46,813.1766666666666,802.5500000000001
2024-01-01,Florianópolis,SC,Sul,821.73,-0.24764193889070807,6.754228700600207,False,823.77,769.74,819.2233333333334,808.6
2024-02-01,Florianópolis,SC,Sul,853.04,3.8102539763669174,7.353292810309453,False,821.73,794.61,832.8466666666667,818.2866666666667
2024-03-01,Florianópolis,SC,Sul,808.25,-5.25063303010409,4.423715455872657,False,853.04,774.01,827.6733333333333,820.4250000000001
2024-04-01,Florianópolis,SC,Sul,814.53,0.7769873182802423,7.394027292504446,False,808.25,758.45,825.2733333333332,822.2483333333333
2024-05-01,Florianópolis,SC,Sul,824.71,1.2498004984469624,6.551679586563308,False,814.53,774.0,815.8299999999999,824.3383333333333
2024-06-01,Florianópolis,SC,Sul,839.09,1.7436432200409913,6.521352764941857,False,824.71,787.72,826.11,826.8916666666668
2024-07-01,Florianópolis,SC,Sul,836.23,-0.3408454397025418,6.467794711177333,False,839.09,785.43,833.3433333333334,829.3083333333333
2024-08-01,Florianópolis,SC,Sul,843.94,0.9219951448764085,6.166658280078519,False,836.23,794.92,839.7533333333334,827.7916666666666
2024-09-01,Florianópolis,SC,Sul,846.08,0.2535725288527635,6.368962309220305,False,843.94,795.42,842.0833333333334,834.0966666666667
2024-10-01,Florianópolis,SC,Sul,849.75,0.4337651285930333,5.744222800184162,False,846.08,803.59,846.59,839.9666666666667
2024-11-01,Florianópolis,SC,Sul,865.72,1.879376287143275,6.5934471847027165,False,849.75,812.17,853.85,846.8016666666667
2024-12-01,Florianópolis,SC,Sul,866.27,0.06353093378921315,5.1592070602231255,False,865.72,823.77,860.58,851.3316666666666
2025-01-01,Florianópolis,SC,Sul,879.74,1.554942454431063,7.059496428267198,False,866.27,821.73,870.5766666666667,858.5833333333334
2025-02-01,Florianópolis,SC,Sul,897.1,1.9733102962238958,5.1650567382537815,False,879.74,853.04,881.0366666666665,867.4433333333333
2025-03-01,Florianópolis,SC,Sul,879.47,-1.965221268531936,8.811630064955157,False,897.1,808.25,885.4366666666666,873.0083333333333
2025-04-01,Florianópolis,SC,Sul,874.88,-0.5219052383822143,7.409180754545575,False,879.47,814.53,883.8166666666667,877.1966666666667
2025-05-01,Florianópolis,SC,Sul,871.61,-0.37376554498902426,5.686847497908354,False,874.88,824.71,875.32,878.1783333333333
2025-06-01,Florianópolis,SC,Sul,871.44,-0.019504136024139918,3.855367123908038,False,871.61,839.09,872.6433333333334,879.04
2025-07-01,Florianópolis,SC,Sul,871.71,0.030983200220324747,4.2428518469799,False,871.44,836.23,871.5866666666667,877.7016666666668
2025-08-01,Florianópolis,SC,Sul,879.98,0.9487100067683052,4.270445766286701,False,871.71,843.94,874.3766666666667,874.8483333333334
2025-09-01,Florianópolis,SC,Sul,876.92,-0.34773517579945734,3.645045385779122,False,879.98,846.08,876.2033333333334,874.4233333333333
2025-10-01,Florianópolis,SC,Sul,870.05,-0.7834238014870265,2.3889379229184993,False,876.92,849.75,875.65,873.6183333333333
2025-11-01,Florianópolis,SC,Sul,869.05,-0.1149359232228031,0.38465092639652365,False,870.05,865.72,872.0066666666667,873.1916666666666
2025-12-01,Florianópolis,SC,Sul,875.69,0.7640527012254816,1.0874207810497971,False,869.05,866.27,871.5966666666667,873.9
2026-01-01,Florianópolis,SC,Sul,876.77,0.12333131587660695,-0.33759974537932447,False,875.69,879.74,873.8366666666667,874.7433333333333
2026-02-01,Florianópolis,SC,Sul,883.02,0.7128437332481807,-1.5695017277895462,False,876.77,897.1,878.4933333333333,875.25
2026-03-01,Florianópolis,SC,Sul,858.0,-2.8334579058232,-2.441243021365147,False,883.02,879.47,872.5966666666667,872.0966666666667
2020-01-01,Fortaleza,CE,Nordeste,559.66,,,False,,,559.66,559.66
2020-02-01,Fortaleza,CE,Nordeste,573.02,2.387163635064149,,False,559.66,,566.3399999999999,566.3399999999999
2020-03-01,Fortaleza,CE,Nordeste,561.4,-2.0278524309797263,,False,573.02,,564.6933333333333,564.6933333333333
2020-04-01,Fortaleza,CE,Nordeste,555.37,-1.0741004631278916,,False,561.4,,563.2633333333333,562.3625
2020-05-01,Fortaleza,CE,Nordeste,569.5,2.544249779426333,,False,555.37,,562.09,563.79
2020-06-01,Fortaleza,CE,Nordeste,568.44,-0.18612818261631858,,False,569.5,,564.4366666666666,564.5649999999999
2020-07-01,Fortaleza,CE,Nordeste,565.35,-0.5435929913447435,,False,568.44,,567.7633333333334,565.5133333333333
2020-08-01,Fortaleza,CE,Nordeste,599.89,6.109489696648085,,False,565.35,,577.8933333333333,569.9916666666667
2020-09-01,Fortaleza,CE,Nordeste,616.55,2.7771758155661797,,False,599.89,,593.93,579.1833333333333
2020-10-01,Fortaleza,CE,Nordeste,630.67,2.2901630038115295,,False,616.55,,615.7033333333333,591.7333333333333
2020-11-01,Fortaleza,CE,Nordeste,621.85,-1.398512692850451,,False,630.67,,623.0233333333332,600.4583333333334
2020-12-01,Fortaleza,CE,Nordeste,607.03,-2.3832113853823333,,False,621.85,,619.85,606.89
2021-01-01,Fortaleza,CE,Nordeste,588.49,-3.054214783453857,5.1513418861451665,False,607.03,559.66,605.79,610.7466666666666
2021-02-01,Fortaleza,CE,Nordeste,602.67,2.409556661965362,5.174339464591116,False,588.49,573.02,599.3966666666666,611.2099999999999
2021-03-01,Fortaleza,CE,Nordeste,589.65,-2.1603862810493313,5.0320627003918705,False,602.67,561.4,593.6033333333334,606.7266666666667
2021-04-01,Fortaleza,CE,Nordeste,571.97,-2.998388874756208,2.988998325440706,False,589.65,555.37,588.0966666666667,596.9433333333333
2021-05-01,Fortaleza,CE,Nordeste,576.37,0.7692711156179532,1.206321334503957,False,571.97,569.5,579.33,589.3633333333333
2021-06-01,Fortaleza,CE,Nordeste,588.7,2.1392508284608924,3.564140454577447,False,576.37,568.44,579.0133333333334,586.3083333333333
2021-07-01,Fortaleza,CE,Nordeste,588.93,0.039069135383029696,4.170867604139006,False,588.7,565.35,584.6666666666666,586.3816666666667
2021-08-01,Fortaleza,CE,Nordeste,580.25,-1.4738593720815651,-3.273933554484987,False,588.93,599.89,585.96,582.645
2021-09-01,Fortaleza,CE,Nordeste,604.87,4.242998707453682,-1.8944124564106657,False,580.25,616.55,591.35,585.1816666666667
2021-10-01,Fortaleza,CE,Nordeste,611.09,1.0283201349050364,-3.104634753516089,False,604.87,630.67,598.7366666666667,591.7016666666667
2021-11-01,Fortaleza,CE,Nordeste,591.17,-3.259748973146359,-4.933665675002019,False,611.09,621.85,602.3766666666667,594.1683333333334
2021-12-01,Fortaleza,CE,Nordeste,615.57,4.127408359693496,1.4068497438347594,False,591.17,607.03,605.9433333333333,598.6466666666666
2022-01-01,Fortaleza,CE,Nordeste,619.25,0.5978199067530721,5.22693673639314,False,615.57,588.49,608.6633333333333,603.7
2022-02-01,Fortaleza,CE,Nordeste,632.23,2.0960839725474356,4.904840128096644,False,619.25,602.67,622.35,612.3633333333333
2022-03-01,Fortaleza,CE,Nordeste,612.85,-3.0653401452003237,3.934537437462904,False,632.23,589.65,621.4433333333333,613.6933333333334
2022-04-01,Fortaleza,CE,Nordeste,606.74,-0.996981316798562,6.078990156826403,False,612.85,571.97,617.2733333333333,612.9683333333334
2022-05-01,Fortaleza,CE,Nordeste,610.94,0.6922240168770966,5.99788330412756,False,606.74,576.37,610.1766666666667,616.2633333333333
2022-06-01,Fortaleza,CE,Nordeste,613.24,0.3764690476969923,4.168506879565137,False,610.94,588.7,610.3066666666667,615.875
2022-07-01,Fortaleza,CE,Nordeste,631.47,2.972734981410219,7.2232693189343555,False,613.24,588.93,618.5500000000001,617.9116666666667
2022-08-01,Fortaleza,CE,Nordeste,615.31,-2.559108112816144,6.042223179663919,False,631.47,580.25,620.0066666666667,615.0916666666667
2022-09-01,Fortaleza,CE,Nordeste,623.44,1.3212852058312352,3.070081174467254,False,615.31,604.87,623.4066666666666,616.8566666666667
2022-10-01,Fortaleza,CE,Nordeste,633.23,1.570319517515717,3.623034250274104,False,623.44,611.09,623.9933333333333,621.2716666666666
2022-11-01,Fortaleza,CE,Nordeste,627.36,-0.9269933515468343,6.121758546610967,False,633.23,591.17,628.0100000000001,624.0083333333333
2022-12-01,Fortaleza,CE,Nordeste,640.05,2.0227620504973176,3.9768019884009798,False,627.36,615.57,633.5466666666666,628.4766666666667
2023-01-01,Fortaleza,CE,Nordeste,659.97,3.1122568549332152,6.575696406943887,False,640.05,619.25,642.46,633.2266666666667
2023-02-01,Fortaleza,CE,Nordeste,659.53,-0.06666969710745763,4.318048811350295,False,659.97,632.23,653.1833333333333,640.5966666666667
2023-03-01,Fortaleza,CE,Nordeste,625.6,-5.144572650220603,2.0804438280166426,False,659.53,612.85,648.3666666666667,640.9566666666667
2023-04-01,Fortaleza,CE,Nordeste,634.88,1.4833759590792805,4.6379009130764315,False,625.6,606.74,640.0033333333334,641.2316666666667
2023-05-01,Fortaleza,CE,Nordeste,644.51,1.5168220766129004,5.494811274429567,False,634.88,610.94,634.9966666666666,644.09
2023-06-01,Fortaleza,CE,Nordeste,637.89,-1.0271368946951909,4.019633422477331,False,644.51,613.24,639.0933333333334,643.73
2023-07-01,Fortaleza,CE,Nordeste,656.68,2.9456489363369753,3.9922720002533607,False,637.89,631.47,646.36,643.1816666666667
2023-08-01,Fortaleza,CE,Nordeste,658.71,0.3091307790704878,7.053355219320356,False,656.68,615.31,651.0933333333332,643.045
2023-09-01,Fortaleza,CE,Nordeste,646.15,-1.9067571465440136,3.642692159630423,False,658.71,623.44,653.8466666666667,646.4699999999999
2023-10-01,Fortaleza,CE,Nordeste,665.02,2.920374526038838,5.020292784612224,False,646.15,633.23,656.6266666666667,651.4933333333333
2023-11-01,Fortaleza,CE,Nordeste,663.03,-0.29923912062794766,5.685730680948731,False,665.02,627.36,658.0666666666667,654.58
2023-12-01,Fortaleza,CE,Nordeste,668.56,0.8340497413390047,4.454339504726201,False,663.03,640.05,665.5366666666666,659.6916666666667
2024-01-01,Fortaleza,CE,Nordeste,671.47,0.4352638506641249,1.7425034471263867,False,668.56,659.97,667.6866666666666,662.1566666666666
2024-02-01,Fortaleza,CE,Nordeste,682.98,1.71414955247442,3.5555622943611365,False,671.47,659.53,674.3366666666667,666.2016666666667
2024-03-01,Fortaleza,CE,Nordeste,657.31,-3.75852880025771,5.0687340153452665,False,682.98,625.6,670.5866666666667,668.0616666666666
2024-04-01,Fortaleza,CE,Nordeste,645.19,-1.8438788395125472,1.6239289314516236,False,657.31,634.88,661.8266666666667,664.7566666666667
2024-05-01,Fortaleza,CE,Nordeste,667.05,3.3881492273593716,3.497230454143452,False,645.19,644.51,656.5166666666667,665.4266666666666
2024-06-01,Fortaleza,CE,Nordeste,687.44,3.056742373135468,7.767796955587958,False,667.05,637.89,666.5600000000001,668.5733333333334
2024-07-01,Fortaleza,CE,Nordeste,683.24,-0.6109624112649925,4.044587927148702,False,687.44,656.68,679.2433333333333,670.535
2024-08-01,Fortaleza,CE,Nordeste,683.3,0.008781687254844073,3.7330539994838263,False,683.24,658.71,684.66,670.5883333333333
2024-09-01,Fortaleza,CE,Nordeste,684.9,0.2341577637933634,5.997059506306579,False,683.3,646.15,683.8133333333334,675.1866666666667
2024-10-01,Fortaleza,CE,Nordeste,681.47,-0.5008030369396899,2.473609816246136,False,684.9,665.02,683.2233333333334,681.2333333333333
2024-11-01,Fortaleza,CE,Nordeste,689.86,1.2311620467518658,4.046574061505526,False,681.47,663.03,685.41,685.035
2024-12-01,Fortaleza,CE,Nordeste,697.64,1.1277650537790285,4.34964700251288,False,689.86,668.56,689.6566666666666,686.735
2025-01-01,Fortaleza,CE,Nordeste,707.36,1.3932687345909134,5.344989351720852,False,697.64,671.47,698.2866666666667,690.7550000000001
2025-02-01,Fortaleza,CE,Nordeste,719.55,1.7233092060619626,5.3544759729420965,False,707.36,682.98,708.1833333333334,696.7966666666666
2025-03-01,Fortaleza,CE,Nordeste,703.78,-2.1916475575012084,7.069723570309305,False,719.55,657.31,710.23,699.9433333333333
2025-04-01,Fortaleza,CE,Nordeste,696.84,-0.9861036119241717,8.005393759977686,False,703.78,645.19,706.7233333333334,702.505
2025-05-01,Fortaleza,CE,Nordeste,706.53,1.3905631134837115,5.918596806836063,False,696.84,667.05,702.3833333333333,705.2833333333333
2025-06-01,Fortaleza,CE,Nordeste,711.0,0.6326695257101722,3.4272081927150033,False,706.53,687.44,704.79,707.5100000000001
2025-07-01,Fortaleza,CE,Nordeste,725.8,2.0815752461321946,6.229143492769729,False,711.0,683.24,714.4433333333333,710.5833333333334
2025-08-01,Fortaleza,CE,Nordeste,722.59,-0.44227059796085877,5.750036587150609,False,725.8,683.3,719.7966666666667,711.09
2025-09-01,Fortaleza,CE,Nordeste,733.77,1.5472121119860516,7.135348226018401,False,722.59,684.9,727.3866666666667,716.0883333333333
2025-10-01,Fortaleza,CE,Nordeste,731.05,-0.3706883628385005,7.27544866245029,False,733.77,681.47,729.1366666666667,721.79
2025-11-01,Fortaleza,CE,Nordeste,734.2,0.43088708022709366,6.427391064853749,False,731.05,689.86,733.0066666666667,726.4016666666666
2025-12-01,Fortaleza,CE,Nordeste,747.8,1.852356306183589,7.189954704432089,False,734.2,697.64,737.6833333333334,732.535
2026-01-01,Fortaleza,CE,Nordeste,751.94,0.5536239636266593,6.302307170323451,False,747.8,707.36,744.6466666666666,736.8916666666668
2026-02-01,Fortaleza,CE,Nordeste,770.59,2.480251083863072,7.0933222152734565,False,751.94,719.55,756.7766666666666,744.8916666666665
2026-03-01,Fortaleza,CE,Nordeste,750.0,-2.6719786137894386,6.567393219471995,False,770.59,703.78,757.5100000000001,747.5966666666667
2020-01-01,Goiânia,GO,Centro-Oeste,591.64,,,False,,,591.64,591.64
2020-02-01,Goiânia,GO,Centro-Oeste,600.58,1.5110540193360888,,False,591.64,,596.11,596.11
2020-03-01,Goiânia,GO,Centro-Oeste,590.08,-1.7483099670318691,,False,600.58,,594.1,594.1
2020-04-01,Goiânia,GO,Centro-Oeste,592.24,0.3660520607375206,,False,590.08,,594.3000000000001,593.635
2020-05-01,Goiânia,GO,Centro-Oeste,592.49,0.0422126165068315,,False,592.24,,591.6033333333334,593.4060000000001
2020-06-01,Goiânia,GO,Centro-Oeste,597.44,0.835457138517115,,False,592.49,,594.0566666666667,594.0783333333334
2020-07-01,Goiânia,GO,Centro-Oeste,612.03,2.4420862346009597,,False,597.44,,600.6533333333333,597.4766666666667
2020-08-01,Goiânia,GO,Centro-Oeste,644.97,5.382089113278776,,False,612.03,,618.1466666666666,604.875
2020-09-01,Goiânia,GO,Centro-Oeste,661.2,2.51639611144705,,False,644.97,,639.4000000000001,616.7283333333334
2020-10-01,Goiânia,GO,Centro-Oeste,663.68,0.375075620084675,,False,661.2,,656.6166666666667,628.6350000000001
2020-11-01,Goiânia,GO,Centro-Oeste,659.13,-0.6855713596914059,,False,663.68,,661.3366666666667,639.7416666666667
2020-12-01,Goiânia,GO,Centro-Oeste,666.9,1.1788266351099086,,False,659.13,,663.2366666666666,651.3183333333333
2021-01-01,Goiânia,GO,Centro-Oeste,619.92,-7.044534412955472,4.779933743492659,False,666.9,591.64,648.65,652.6333333333333
2021-02-01,Goiânia,GO,Centro-Oeste,639.87,3.2181571815718124,6.54200939092211,False,619.92,600.58,642.2299999999999,651.7833333333333
2021-03-01,Goiânia,GO,Centro-Oeste,621.12,-2.9302827136762133,5.26030368763557,False,639.87,590.08,626.9699999999999,645.1033333333334
2021-04-01,Goiânia,GO,Centro-Oeste,611.56,-1.5391550747037686,3.2621910036471524,False,621.12,592.24,624.1833333333333,636.4166666666666
2021-05-01,Goiânia,GO,Centro-Oeste,626.63,2.4641899404800993,5.762122567469485,False,611.56,592.49,619.77,631.0
2021-06-01,Goiânia,GO,Centro-Oeste,624.57,-0.3287426391969661,4.541041778253874,False,626.63,597.44,620.9200000000001,623.945
2021-07-01,Goiânia,GO,Centro-Oeste,621.49,-0.4931392798245282,1.5456758655621572,False,624.57,612.03,624.23,624.2066666666666
2021-08-01,Goiânia,GO,Centro-Oeste,622.87,0.22204701604209287,-3.4265159619827346,False,621.49,644.97,622.9766666666667,621.3733333333333
2021-09-01,Goiânia,GO,Centro-Oeste,642.75,3.1916772360203627,-2.7903811252268707,False,622.87,661.2,629.0366666666667,624.9783333333334
2021-10-01,Goiânia,GO,Centro-Oeste,630.24,-1.946324387397902,-5.038572806171637,False,642.75,663.68,631.9533333333333,628.0916666666667
2021-11-01,Goiânia,GO,Centro-Oeste,657.12,4.265041888804255,-0.30494743070410557,False,630.24,659.13,643.37,633.1733333333333
2021-12-01,Goiânia,GO,Centro-Oeste,629.03,-4.2747139030922865,-5.678512520617785,False,657.12,666.9,638.7966666666666,633.9166666666666
2022-01-01,Goiânia,GO,Centro-Oeste,674.85,7.28423127672766,8.860820751064669,False,629.03,619.92,653.6666666666666,642.8100000000001
2022-02-01,Goiânia,GO,Centro-Oeste,665.64,-1.364747721715942,4.027380561676597,False,674.85,639.87,656.5066666666667,649.9383333333333
2022-03-01,Goiânia,GO,Centro-Oeste,652.8,-1.9289706147467167,5.1004636785162205,False,665.64,621.12,664.43,651.6133333333333
2022-04-01,Goiânia,GO,Centro-Oeste,642.03,-1.6498161764705865,4.98234024462032,False,652.8,611.56,653.4899999999999,653.5783333333333
2022-05-01,Goiânia,GO,Centro-Oeste,652.2,1.5840381290594063,4.080557904983806,False,642.03,626.63,649.0100000000001,652.7583333333333
2022-06-01,Goiânia,GO,Centro-Oeste,661.26,1.3891444342226222,5.874441615831683,False,652.2,624.57,651.8299999999999,658.13
2022-07-01,Goiânia,GO,Centro-Oeste,673.07,1.7859843329401492,8.299409483660236,False,661.26,621.49,662.1766666666667,657.8333333333334
2022-08-01,Goiânia,GO,Centro-Oeste,667.85,-0.7755508342371598,7.22141056721306,False,673.07,622.87,667.3933333333333,658.2016666666667
2022-09-01,Goiânia,GO,Centro-Oeste,670.84,0.4477053230515837,4.370283936211594,False,667.85,642.75,670.5866666666667,661.2083333333334
2022-10-01,Goiânia,GO,Centro-Oeste,669.45,-0.20720290978474276,6.221439451637467,False,670.84,630.24,669.38,665.7783333333333
2022-11-01,Goiânia,GO,Centro-Oeste,674.63,0.7737695122862043,2.664657901144385,False,669.45,657.12,671.64,669.5166666666667
2022-12-01,Goiânia,GO,Centro-Oeste,680.28,0.8374961089782529,8.147465144746668,False,674.63,629.03,674.7866666666667,672.6866666666667
2023-01-01,Goiânia,GO,Centro-Oeste,680.5,0.0323396248603558,0.8372230866118269,False,680.28,674.85,678.4699999999999,673.9250000000001
2023-02-01,Goiânia,GO,Centro-Oeste,686.21,0.839088905216756,3.090258998858242,False,680.5,665.64,682.3299999999999,676.985
2023-03-01,Goiânia,GO,Centro-Oeste,692.05,0.8510514274056025,6.012561274509798,False,686.21,652.8,686.2533333333334,680.52
2023-04-01,Goiânia,GO,Centro-Oeste,679.92,-1.7527635286467724,5.901593383486747,False,692.05,642.03,686.0600000000001,682.265
2023-05-01,Goiânia,GO,Centro-Oeste,679.83,-0.013236851394271554,4.236430542778291,False,679.92,652.2,683.9333333333334,683.1316666666667
2023-06-01,Goiânia,GO,Centro-Oeste,694.63,2.177014841945768,5.046426519069658,False,679.83,661.26,684.7933333333334,685.5233333333332
2023-07-01,Goiânia,GO,Centro-Oeste,700.08,0.784590357456505,4.012955561828635,False,694.63,673.07,691.5133333333333,688.7866666666667
2023-08-01,Goiânia,GO,Centro-Oeste,695.81,-0.6099302936807383,4.186568840308436,False,700.08,667.85,696.84,690.3866666666667
2023-09-01,Goiânia,GO,Centro-Oeste,696.74,0.13365717652809028,3.8608311967085918,False,695.81,670.84,697.5433333333334,691.1683333333334
2023-10-01,Goiânia,GO,Centro-Oeste,707.38,1.5271119786433918,5.665845096721189,False,696.74,669.45,699.9766666666668,695.745
2023-11-01,Goiânia,GO,Centro-Oeste,700.85,-0.923124770279049,3.886574863258385,False,707.38,674.63,701.6566666666668,699.2483333333333
2023-12-01,Goiânia,GO,Centro-Oeste,714.82,1.993293857458811,5.077321103075216,False,700.85,680.28,707.6833333333334,702.6133333333333
2024-01-01,Goiânia,GO,Centro-Oeste,715.11,0.040569653898869795,5.085966201322556,False,714.82,680.5,710.2600000000001,705.1183333333333
2024-02-01,Goiânia,GO,Centro-Oeste,739.92,3.469396316650575,7.827050028416949,False,715.11,686.21,723.2833333333334,712.4699999999999
2024-03-01,Goiânia,GO,Centro-Oeste,724.03,-2.147529462644604,4.621053392095953,False,739.92,692.05,726.3533333333334,717.0183333333333
2024-04-01,Goiânia,GO,Centro-Oeste,714.37,-1.3341988591632936,5.066772561477828,False,724.03,679.92,726.1066666666666,718.1833333333333
2024-05-01,Goiânia,GO,Centro-Oeste,723.07,1.217856292957431,6.360413632819961,False,714.37,679.83,720.4900000000001,721.8866666666667
2024-06-01,Goiânia,GO,Centro-Oeste,742.37,2.6691744920962046,6.872723608251885,False,723.07,694.63,726.6033333333334,726.4783333333334
2024-07-01,Goiânia,GO,Centro-Oeste,740.11,-0.30443040532348586,5.7179179522340196,False,742.37,700.08,735.1833333333334,730.645
2024-08-01,Goiânia,GO,Centro-Oeste,720.24,-2.684736052748915,3.511015938259021,False,740.11,695.81,734.2400000000001,727.3650000000001
2024-09-01,Goiânia,GO,Centro-Oeste,727.71,1.0371542819060275,4.44498665212274,False,720.24,696.74,729.3533333333335,727.9783333333335
2024-10-01,Goiânia,GO,Centro-Oeste,735.94,1.1309450193071502,4.0374339110520685,False,727.71,707.38,727.9633333333335,731.5733333333334
2024-11-01,Goiânia,GO,Centro-Oeste,744.15,1.1155800744625743,6.178212170935282,False,735.94,700.85,735.9333333333334,735.0866666666667
2024-12-01,Goiânia,GO,Centro-Oeste,751.1,0.9339514882752198,5.075403598108608,False,744.15,714.82,743.73,736.5416666666666
2025-01-01,Goiânia,GO,Centro-Oeste,759.19,1.0770869391559135,6.164086644012823,False,751.1,715.11,751.48,739.7216666666667
2025-02-01,Goiânia,GO,Centro-Oeste,769.59,1.369881057442801,4.00989296140124,False,759.19,739.92,759.96,747.9466666666667
2025-03-01,Goiânia,GO,Centro-Oeste,750.04,-2.5403136735144827,3.592392580417947,False,769.59,724.03,759.6066666666667,751.6683333333334
2025-04-01,Goiânia,GO,Centro-Oeste,742.87,-0.9559490160524708,3.9895292355502043,False,750.04,714.37,754.1666666666666,752.8233333333334
2025-05-01,Goiânia,GO,Centro-Oeste,739.18,-0.4967221721162596,2.2280000553196677,False,742.87,723.07,744.0299999999999,751.995
2025-06-01,Goiânia,GO,Centro-Oeste,757.19,2.4364836710950133,1.9963091180947634,False,739.18,742.37,746.4133333333333,753.0100000000001
2025-07-01,Goiânia,GO,Centro-Oeste,756.5,-0.09112640156367924,2.2145356771290814,False,757.19,740.11,750.9566666666666,752.5616666666666
2025-08-01,Goiânia,GO,Centro-Oeste,762.24,0.7587574355584881,5.831389536821052,False,756.5,720.24,758.6433333333334,751.3366666666666
2025-09-01,Goiânia,GO,Centro-Oeste,781.18,2.4847816960537283,7.347707191051378,False,762.24,727.71,766.64,756.5266666666666
2025-10-01,Goiânia,GO,Centro-Oeste,767.95,-1.6935917458204108,4.349539364622124,False,781.18,735.94,770.4566666666666,760.7066666666666
2025-11-01,Goiânia,GO,Centro-Oeste,799.27,4.078390520216146,7.407108781831617,False,767.95,744.15,782.7999999999998,770.7216666666667
2025-12-01,Goiânia,GO,Centro-Oeste,784.99,-1.7866303001488837,4.512048994807616,False,799.27,751.1,784.07,775.355
2026-01-01,Goiânia,GO,Centro-Oeste,800.99,2.0382425253824943,5.50586809626048,False,784.99,759.19,795.0833333333334,782.77
2026-02-01,Goiânia,GO,Centro-Oeste,795.53,-0.6816564501429534,3.370625917696435,False,800.99,769.59,793.8366666666667,788.3183333333333
2026-03-01,Goiânia,GO,Centro-Oeste,795.0,-0.06662225183210468,5.994346968161701,False,795.53,750.04,797.1733333333333,790.6216666666666
2020-01-01,João Pessoa,PB,Nordeste,582.46,,,False,,,582.46,582.46
2020-02-01,João Pessoa,PB,Nordeste,576.68,-0.9923428218246877,,False,582.46,,579.5699999999999,579.5699999999999
2020-03-01,João Pessoa,PB,Nordeste,571.76,-0.8531594645210472,,False,576.68,,576.9666666666667,576.9666666666667
2020-04-01,João Pessoa,PB,Nordeste,561.76,-1.7489855883587535,,False,571.76,,570.0666666666666,573.165
2020-05-01,João Pessoa,PB,Nordeste,579.41,3.141911136428366,,False,561.76,,570.9766666666667,574.414
2020-06-01,João Pessoa,PB,Nordeste,581.97,0.441828756838869,,False,579.41,,574.38,575.6733333333333
2020-07-01,João Pessoa,PB,Nordeste,586.79,0.8282213859820864,,False,581.97,,582.7233333333334,576.395
2020-08-01,João Pessoa,PB,Nordeste,635.81,8.353925595187373,,False,586.79,,601.5233333333333,586.25
2020-09-01,João Pessoa,PB,Nordeste,643.03,1.1355593652191631,,False,635.81,,621.8766666666667,598.1283333333332
2020-10-01,João Pessoa,PB,Nordeste,638.24,-0.7449108128703141,,False,643.03,,639.0266666666666,610.875
2020-11-01,João Pessoa,PB,Nordeste,629.58,-1.356856354976177,,False,638.24,,636.9499999999999,619.2366666666667
2020-12-01,João Pessoa,PB,Nordeste,646.33,2.6605038279488014,,False,629.58,,638.0500000000001,629.9633333333333
2021-01-01,João Pessoa,PB,Nordeste,605.21,-6.362075100954623,3.905847611853175,False,646.33,582.46,627.0400000000001,633.0333333333333
2021-02-01,João Pessoa,PB,Nordeste,609.23,0.664232249962815,5.644378164666719,False,605.21,576.68,620.2566666666667,628.6033333333334
2021-03-01,João Pessoa,PB,Nordeste,609.11,-0.019696994566908987,6.532461172519932,False,609.23,571.76,607.85,622.95
2021-04-01,João Pessoa,PB,Nordeste,608.22,-0.14611482326672975,8.270435773283968,False,609.11,561.76,608.8533333333334,617.9466666666667
2021-05-01,João Pessoa,PB,Nordeste,601.46,-1.1114399394955732,3.80559534699092,False,608.22,579.41,606.2633333333333,613.2600000000001
2021-06-01,João Pessoa,PB,Nordeste,615.95,2.4091377647723844,5.8387889410107086,False,601.46,581.97,608.5433333333334,608.1966666666667
2021-07-01,João Pessoa,PB,Nordeste,630.15,2.30538193035148,7.389355646824258,False,615.95,586.79,615.8533333333334,612.3533333333334
2021-08-01,João Pessoa,PB,Nordeste,621.52,-1.3695151947948903,-2.2475267768672924,False,630.15,635.81,622.54,614.4016666666668
2021-09-01,João Pessoa,PB,Nordeste,643.49,3.5348822242244893,0.07153632023388923,False,621.52,643.03,631.72,620.1316666666667
2021-10-01,João Pessoa,PB,Nordeste,630.3,-2.0497599030288027,-1.2440461268488412,False,643.49,638.24,631.77,623.8116666666666
2021-11-01,João Pessoa,PB,Nordeste,614.8,-2.4591464382040296,-2.347596810572139,False,630.3,629.58,629.53,626.035
2021-12-01,João Pessoa,PB,Nordeste,638.04,3.7800910865322113,-1.282626522055308,False,614.8,646.33,627.7133333333333,629.7166666666667
2022-01-01,João Pessoa,PB,Nordeste,650.91,2.017114914425422,7.551097965995268,False,638.04,605.21,634.5833333333334,633.1766666666666
2022-02-01,João Pessoa,PB,Nordeste,661.4,1.6115899279470325,8.563268387965127,False,650.91,609.23,650.1166666666667,639.8233333333333
2022-03-01,João Pessoa,PB,Nordeste,646.87,-2.1968551557302596,6.199208681518931,False,661.4,609.11,653.06,640.3866666666667
2022-04-01,João Pessoa,PB,Nordeste,633.9,-2.0050396524804115,4.222156456545312,False,646.87,608.22,647.39,640.9866666666667
2022-05-01,João Pessoa,PB,Nordeste,628.37,-0.8723773465846296,4.474112991720136,False,633.9,601.46,636.38,643.2483333333333
2022-06-01,João Pessoa,PB,Nordeste,649.43,3.351528558015171,5.435506128744194,False,628.37,615.95,637.2333333333333,645.1466666666666
2022-07-01,João Pessoa,PB,Nordeste,647.53,-0.2925642486488078,2.7580734745695556,False,649.43,630.15,641.7766666666666,644.5833333333334
2022-08-01,João Pessoa,PB,Nordeste,652.95,0.8370268558985705,5.056957137340734,False,647.53,621.52,649.97,643.1750000000001
2022-09-01,João Pessoa,PB,Nordeste,665.57,1.9327666743242267,3.431288753515993,False,652.95,643.49,655.35,646.2916666666666
2022-10-01,João Pessoa,PB,Nordeste,677.5,1.7924485779106547,7.488497540853567,False,665.57,630.3,665.34,653.5583333333334
2022-11-01,João Pessoa,PB,Nordeste,670.6,-1.01845018450184,9.076122316200408,False,677.5,614.8,671.2233333333334,660.5966666666667
2022-12-01,João Pessoa,PB,Nordeste,661.2,-1.401729794214135,3.6298664660523006,False,670.6,638.04,669.7666666666667,662.5583333333334
2023-01-01,João Pessoa,PB,Nordeste,691.14,4.528130671506347,6.180577960086642,False,661.2,650.91,674.3133333333334,669.8266666666667
2023-02-01,João Pessoa,PB,Nordeste,700.57,1.3644124200596242,5.9222860598730165,False,691.14,661.4,684.3033333333333,677.7633333333333
2023-03-01,João Pessoa,PB,Nordeste,675.94,-3.5157086372525237,4.4939477793065175,False,700.57,646.87,689.2166666666667,679.4916666666667
2023-04-01,João Pessoa,PB,Nordeste,672.87,-0.45418232387490765,6.147657359204928,False,675.94,633.9,683.1266666666667,678.72
2023-05-01,João Pessoa,PB,Nordeste,677.41,0.6747217144470685,7.804319111351576,False,672.87,628.37,675.4066666666666,679.855
2023-06-01,João Pessoa,PB,Nordeste,684.75,1.083538772678283,5.438615401197988,False,677.41,649.43,678.3433333333334,683.7800000000001
2023-07-01,João Pessoa,PB,Nordeste,699.65,2.1759766338079523,8.049047920559671,False,684.75,647.53,687.27,685.1983333333333
2023-08-01,João Pessoa,PB,Nordeste,696.95,-0.385907239333938,6.738647675932308,False,699.65,652.95,693.7833333333333,684.5950000000001
2023-09-01,João Pessoa,PB,Nordeste,704.74,1.1177272401176497,5.885181122947247,False,696.95,665.57,700.4466666666667,689.395
2023-10-01,João Pessoa,PB,Nordeste,697.77,-0.9890172262110863,2.9918819188191836,False,704.74,677.5,699.82,693.545
2023-11-01,João Pessoa,PB,Nordeste,704.87,1.017527265431295,5.110348941246645,False,697.77,670.6,702.46,698.1216666666666
2023-12-01,João Pessoa,PB,Nordeste,717.67,1.815937690637992,8.540532365396224,False,704.87,661.2,706.77,703.6083333333332
2024-01-01,João Pessoa,PB,Nordeste,726.76,1.2665988546267881,5.153803860288808,False,717.67,691.14,716.4333333333333,708.1266666666667
2024-02-01,João Pessoa,PB,Nordeste,747.19,2.8111068303153797,6.654581269537663,False,726.76,700.57,730.54,716.5
2024-03-01,João Pessoa,PB,Nordeste,719.37,-3.7232832345186706,6.425126490516897,False,747.19,675.94,731.1066666666666,718.9383333333334
2024-04-01,João Pessoa,PB,Nordeste,717.06,-0.32111430835315424,6.5673904320299625,False,719.37,672.87,727.8733333333333,722.1533333333333
2024-05-01,João Pessoa,PB,Nordeste,726.28,1.2858059297687907,7.214242482396194,False,717.06,677.41,720.9033333333333,725.7216666666667
2024-06-01,João Pessoa,PB,Nordeste,722.05,-0.5824200033045179,5.447243519532674,False,726.28,684.75,721.7966666666666,726.4516666666667
2024-07-01,João Pessoa,PB,Nordeste,722.96,0.12603005332041395,3.331665832916464,False,722.05,699.65,723.7633333333333,725.8183333333333
2024-08-01,João Pessoa,PB,Nordeste,728.5,0.7662941241562304,4.52686706363441,False,722.96,696.95,724.5033333333334,722.7033333333334
2024-09-01,João Pessoa,PB,Nordeste,754.49,3.5676046671242245,7.059341033572664,False,728.5,704.74,735.3166666666666,728.5566666666667
2024-10-01,João Pessoa,PB,Nordeste,743.68,-1.4327559013373348,6.579531937457905,False,754.49,697.77,742.2233333333334,732.9933333333333
2024-11-01,João Pessoa,PB,Nordeste,772.28,3.8457401032702343,9.563465603586474,False,743.68,704.87,756.8166666666666,740.66
2024-12-01,João Pessoa,PB,Nordeste,751.03,-2.751592686590354,4.64837599453789,False,772.28,717.67,755.6633333333333,745.4899999999999
2025-01-01,João Pessoa,PB,Nordeste,775.97,3.3207728053473273,6.771148659805171,False,751.03,726.76,766.4266666666667,754.3249999999999
2025-02-01,João Pessoa,PB,Nordeste,790.68,1.8956918437568415,5.820474042746815,False,775.97,747.19,772.56,764.6883333333332
2025-03-01,João Pessoa,PB,Nordeste,782.92,-0.9814337026357034,8.834118742788831,False,790.68,719.37,783.19,769.4266666666666
2025-04-01,João Pessoa,PB,Nordeste,775.62,-0.9324068870382618,8.166680612501054,False,782.92,717.06,783.0733333333333,774.75
2025-05-01,João Pessoa,PB,Nordeste,767.48,-1.0494829942497619,5.672743294597127,False,775.62,726.28,775.34,773.9499999999999
2025-06-01,João Pessoa,PB,Nordeste,776.2,1.1361859592432522,7.499480645384682,False,767.48,722.05,773.1,778.145
2025-07-01,João Pessoa,PB,Nordeste,771.42,-0.6158206647771336,6.702998782781888,False,776.2,722.96,771.6999999999999,777.3866666666667
2025-08-01,João Pessoa,PB,Nordeste,771.47,0.006481553498760562,5.898421413864119,False,771.42,728.5,773.0300000000001,774.185
2025-09-01,João Pessoa,PB,Nordeste,759.75,-1.519177673791594,0.6971596707709748,False,771.47,754.49,767.5466666666666,770.3233333333333
2025-10-01,João Pessoa,PB,Nordeste,756.29,-0.45541296479105764,1.6956217728055112,False,759.75,743.68,762.5033333333332,767.1016666666666
2025-11-01,João Pessoa,PB,Nordeste,761.09,0.6346771740998847,-1.4489563370798098,False,756.29,772.28,759.0433333333334,766.0366666666667
2025-12-01,João Pessoa,PB,Nordeste,758.32,-0.36395170085009587,0.9706669507210108,False,761.09,751.03,758.5666666666667,763.0566666666667
2026-01-01,João Pessoa,PB,Nordeste,769.83,1.5178288849034605,-0.7912677036483351,False,758.32,775.97,763.08,762.7916666666666
2026-02-01,João Pessoa,PB,Nordeste,776.85,0.9118896379720187,-1.749127333434508,False,769.83,790.68,768.3333333333334,763.6883333333334
2026-03-01,João Pessoa,PB,Nordeste,762.0,-1.9115659393705409,-2.6720482297041825,False,776.85,782.92,769.56,764.0633333333334
2020-01-01,Macapá,AP,Norte,578.99,,,False,,,578.99,578.99
2020-02-01,Macapá,AP,Norte,590.12,1.9223129933159555,,False,578.99,,584.5550000000001,584.5550000000001
2020-03-01,Macapá,AP,Norte,581.5,-1.4607198535890986,,False,590.12,,583.5366666666667,583.5366666666667
2020-04-01,Macapá,AP,Norte,564.12,-2.9888220120378284,,False,581.5,,578.58,578.6825
2020-05-01,Macapá,AP,Norte,579.01,2.63950932425725,,False,564.12,,574.8766666666667,578.7479999999999
2020-06-01,Macapá,AP,Norte,579.73,0.1243501839346628,,False,579.01,,574.2866666666667,578.9116666666667
2020-07-01,Macapá,AP,Norte,601.7,3.7896952029393027,,False,579.73,,586.8133333333334,582.6966666666667
2020-08-01,Macapá,AP,Norte,630.66,4.813029749044362,,False,601.7,,604.0300000000001,589.4533333333333
2020-09-01,Macapá,AP,Norte,642.4,1.8615418767640168,,False,630.66,,624.92,599.6033333333334
2020-10-01,Macapá,AP,Norte,637.43,-0.7736612702366141,,False,642.4,,636.8299999999999,611.8216666666666
2020-11-01,Macapá,AP,Norte,664.7,4.278116812826527,,False,637.43,,648.1766666666667,626.1033333333334
2020-12-01,Macapá,AP,Norte,640.25,-3.678351135850766,,False,664.7,,647.46,636.19
2021-01-01,Macapá,AP,Norte,621.31,-2.9582194455290978,7.309279953021619,False,640.25,578.99,642.0866666666667,639.4583333333334
2021-02-01,Macapá,AP,Norte,614.32,-1.1250422494406775,4.100860841862675,False,621.31,590.12,625.2933333333333,636.735
2021-03-01,Macapá,AP,Norte,608.26,-0.9864565698658789,4.601891659501289,False,614.32,581.5,614.63,631.045
2021-04-01,Macapá,AP,Norte,608.57,0.05096504784138922,7.8795291781890375,False,608.26,564.12,610.3833333333333,626.235
2021-05-01,Macapá,AP,Norte,617.76,1.51009744154329,6.6924578159271775,False,608.57,579.01,611.5300000000001,618.4116666666666
2021-06-01,Macapá,AP,Norte,633.31,2.517158767158767,9.242233453504213,False,617.76,579.73,619.88,617.255
2021-07-01,Macapá,AP,Norte,611.13,-3.5022342928423655,1.567226192454707,False,633.31,601.7,620.7333333333332,615.5583333333333
2021-08-01,Macapá,AP,Norte,628.69,2.873365732331923,-0.3123711667142204,False,611.13,630.66,624.3766666666667,617.9533333333333
2021-09-01,Macapá,AP,Norte,641.36,2.015301659005231,-0.16189290161892078,False,628.69,642.4,627.0600000000001,623.47
2021-10-01,Macapá,AP,Norte,619.36,-3.4302108020456523,-2.834821078392913,False,641.36,637.43,629.8033333333334,625.2683333333333
2021-11-01,Macapá,AP,Norte,638.53,3.095130457246187,-3.9371144877388353,False,619.36,664.7,633.0833333333334,628.73
2021-12-01,Macapá,AP,Norte,639.18,0.10179631340734296,-0.1671222178836418,False,638.53,640.25,632.3566666666666,629.7083333333334
2022-01-01,Macapá,AP,Norte,658.56,3.0320097625082143,5.9953968228420695,False,639.18,621.31,645.4233333333333,637.6133333333333
2022-02-01,Macapá,AP,Norte,652.35,-0.9429664723031972,6.190584711550984,False,658.56,614.32,650.03,641.5566666666667
2022-03-01,Macapá,AP,Norte,637.37,-2.2963133287345783,4.785782395686056,False,652.35,608.26,649.4266666666666,640.8916666666667
2022-04-01,Macapá,AP,Norte,627.02,-1.6238605519556915,3.0316972575052947,False,637.37,608.57,638.9133333333333,642.1683333333333
2022-05-01,Macapá,AP,Norte,653.35,4.199228094797625,5.7611370111370075,False,627.02,617.76,639.2466666666667,644.6383333333333
2022-06-01,Macapá,AP,Norte,667.48,2.1626999311242123,5.395461938071411,False,653.35,633.31,649.2833333333333,649.355
2022-07-01,Macapá,AP,Norte,664.37,-0.4659315634925387,8.71173072832294,False,667.48,611.13,661.7333333333332,650.3233333333334
2022-08-01,Macapá,AP,Norte,660.99,-0.5087526528891995,5.137667212775754,False,664.37,628.69,664.2800000000001,651.7633333333334
2022-09-01,Macapá,AP,Norte,655.62,-0.8124177370308128,2.2234002744168535,False,660.99,641.36,660.3266666666667,654.805
2022-10-01,Macapá,AP,Norte,676.46,3.178670571367559,9.219194006716624,False,655.62,619.36,664.3566666666667,663.045
2022-11-01,Macapá,AP,Norte,666.51,-1.4708925878839874,4.381939767904419,False,676.46,638.53,666.1966666666666,665.2383333333333
2022-12-01,Macapá,AP,Norte,673.01,0.97522917885704,5.2927187959573185,False,666.51,639.18,671.9933333333333,666.16
2023-01-01,Macapá,AP,Norte,691.05,2.6804950892260093,4.9334912536443065,False,673.01,658.56,676.8566666666667,670.6066666666667
2023-02-01,Macapá,AP,Norte,697.65,0.9550683742131527,6.9441250862267045,False,691.05,652.35,687.2366666666667,676.7166666666666
2023-03-01,Macapá,AP,Norte,682.88,-2.117107432093457,7.140279586425469,False,697.65,637.37,690.5266666666666,681.26
2023-04-01,Macapá,AP,Norte,682.28,-0.08786316776008274,8.813116009058719,False,682.88,627.02,687.6033333333334,682.23
2023-05-01,Macapá,AP,Norte,680.46,-0.2667526528697839,4.149383944287144,False,682.28,653.35,681.8733333333333,684.555
2023-06-01,Macapá,AP,Norte,704.97,3.6019751344678497,5.616647689818421,False,680.46,667.48,689.2366666666667,689.8816666666667
2023-07-01,Macapá,AP,Norte,711.11,0.8709590479027529,7.035236389361343,False,704.97,664.37,698.8466666666667,693.2249999999999
2023-08-01,Macapá,AP,Norte,707.25,-0.5428133481458541,6.998593019561561,False,711.11,660.99,707.7766666666666,694.8249999999999
2023-09-01,Macapá,AP,Norte,713.62,0.9006716154118077,8.846587962539276,False,707.25,655.62,710.66,699.9483333333334
2023-10-01,Macapá,AP,Norte,730.42,2.354194108909491,7.976820506755744,False,713.62,676.46,717.0966666666667,707.9716666666667
2023-11-01,Macapá,AP,Norte,707.67,-3.1146463678431546,6.175451231039286,False,730.42,666.51,717.2366666666667,712.5066666666667
2023-12-01,Macapá,AP,Norte,710.77,0.43805728658838916,5.610614998291252,False,707.67,673.01,716.2866666666665,713.4733333333334
2024-01-01,Macapá,AP,Norte,744.3,4.7174191369922625,7.705665291947028,False,710.77,691.05,720.9133333333333,719.005
2024-02-01,Macapá,AP,Norte,758.01,1.8419991938734448,8.651902816598579,False,744.3,697.65,737.6933333333333,727.465
2024-03-01,Macapá,AP,Norte,729.44,-3.7690795635941354,6.818181818181834,False,758.01,682.88,743.9166666666666,730.1016666666666
2024-04-01,Macapá,AP,Norte,737.98,1.1707611318271471,8.163803716949069,False,729.44,682.28,741.8100000000001,731.3616666666667
2024-05-01,Macapá,AP,Norte,728.56,-1.2764573565679393,7.068747611909587,False,737.98,680.46,731.9933333333333,734.8433333333332
2024-06-01,Macapá,AP,Norte,737.13,1.1762929614582252,4.561896250904285,False,728.56,704.97,734.5566666666667,739.2366666666667
2024-07-01,Macapá,AP,Norte,738.37,0.16821998833314034,3.8334434897554504,False,737.13,711.11,734.6866666666666,738.2483333333333
2024-08-01,Macapá,AP,Norte,755.07,2.2617386946923723,6.761399787910927,False,738.37,707.25,743.5233333333334,737.7583333333333
2024-09-01,Macapá,AP,Norte,746.47,-1.1389672480697222,4.603290266528415,False,755.07,713.62,746.6366666666667,740.5966666666667
2024-10-01,Macapá,AP,Norte,758.22,1.57407531448015,3.806029407738021,False,746.47,730.42,753.2533333333334,743.9699999999999
2024-11-01,Macapá,AP,Norte,774.03,2.0851467911687793,9.377252109033885,False,758.22,707.67,759.5733333333333,751.5483333333333
2024-12-01,Macapá,AP,Norte,762.72,-1.4611836750513474,7.308974773836829,False,774.03,710.77,764.9900000000001,755.8133333333334
2025-01-01,Macapá,AP,Norte,794.9,4.2191105517096705,6.7983340051054775,False,762.72,744.3,777.2166666666666,765.235
2025-02-01,Macapá,AP,Norte,778.6,-2.050572399043904,2.7163230036543196,False,794.9,758.01,778.7400000000001,769.1566666666668
2025-03-01,Macapá,AP,Norte,772.46,-0.7885949139481152,5.897674928712426,False,778.6,729.44,781.9866666666667,773.4883333333333
2025-04-01,Macapá,AP,Norte,757.66,-1.9159568132977811,2.6667389360145233,False,772.46,737.98,769.5733333333334,773.395
2025-05-01,Macapá,AP,Norte,769.37,1.545548135047392,5.601460415065351,False,757.66,728.56,766.4966666666668,772.6183333333333
2025-06-01,Macapá,AP,Norte,786.53,2.2303962982699987,6.701667277142431,False,769.37,737.13,771.1866666666666,776.5866666666667
2025-07-01,Macapá,AP,Norte,780.78,-0.7310592094389334,5.743732816880431,False,786.53,738.37,778.8933333333333,774.2333333333332
2025-08-01,Macapá,AP,Norte,789.62,1.1322011322011383,4.575734700094025,False,780.78,755.07,785.6433333333334,776.07
2025-09-01,Macapá,AP,Norte,773.95,-1.9844988728755508,3.6813267780352987,False,789.62,746.47,781.4499999999999,776.3183333333333
2025-10-01,Macapá,AP,Norte,781.31,0.9509658246656727,3.045290285141511,False,773.95,758.22,781.6266666666667,780.2600000000001
2025-11-01,Macapá,AP,Norte,775.24,-0.7769003340543312,0.15632469025748108,False,781.31,774.03,776.8333333333334,781.2383333333333
2025-12-01,Macapá,AP,Norte,781.81,0.8474794902223692,2.5028844136773643,False,775.24,762.72,779.4533333333333,780.4516666666667
2026-01-01,Macapá,AP,Norte,798.16,2.091300955475117,0.41011447980878746,False,781.81,794.9,785.07,783.3483333333334
2026-02-01,Macapá,AP,Norte,798.41,0.031322040693604336,2.544310300539432,False,798.16,778.6,792.7933333333334,784.8133333333334
2026-03-01,Macapá,AP,Norte,770.0,-3.55832216530354,-0.3184630919400355,False,798.41,772.46,788.8566666666666,784.1550000000001
2020-01-01,Maceió,AL,Nordeste,549.95,,,False,,,549.95,549.95
2020-02-01,Maceió,AL,Nordeste,581.37,5.713246658787163,,False,549.95,,565.6600000000001,565.6600000000001
2020-03-01,Maceió,AL,Nordeste,563.01,-3.1580576913153413,,False,581.37,,564.7766666666666,564.7766666666666
2020-04-01,Maceió,AL,Nordeste,553.63,-1.6660450080815625,,False,563.01,,566.0033333333333,561.99
2020-05-01,Maceió,AL,Nordeste,556.73,0.5599407546556412,,False,553.63,,557.79,560.938
2020-06-01,Maceió,AL,Nordeste,573.8,3.0661182260700803,,False,556.73,,561.3866666666667,563.0816666666666
2020-07-01,Maceió,AL,Nordeste,581.55,1.3506448239804847,,False,573.8,,570.6933333333333,568.3483333333334
2020-08-01,Maceió,AL,Nordeste,616.08,5.937580603559467,,False,581.55,,590.4766666666666,574.1333333333333
2020-09-01,Maceió,AL,Nordeste,631.61,2.520776522529533,,False,616.08,,609.7466666666667,585.5666666666667
2020-10-01,Maceió,AL,Nordeste,637.81,0.9816184037618081,,False,631.61,,628.5,599.5966666666667
2020-11-01,Maceió,AL,Nordeste,651.22,2.1025070161960535,,False,637.81,,640.2133333333334,615.3449999999999
2020-12-01,Maceió,AL,Nordeste,630.84,-3.129510764411414,,False,651.22,,639.9566666666666,624.8516666666666
2021-01-01,Maceió,AL,Nordeste,604.11,-4.237207532813391,9.848168015274105,False,630.84,549.95,628.7233333333334,628.6116666666667
2021-02-01,Maceió,AL,Nordeste,611.99,1.3043982056248016,5.266869635516103,False,604.11,581.37,615.6466666666666,627.93
2021-03-01,Maceió,AL,Nordeste,610.07,-0.31373061651333023,8.358643718584059,False,611.99,563.01,608.7233333333334,624.34
2021-04-01,Maceió,AL,Nordeste,592.36,-2.902945563623849,6.995646912197673,False,610.07,553.63,604.8066666666667,616.765
2021-05-01,Maceió,AL,Nordeste,607.31,2.523803092713872,9.08519390009519,False,592.36,556.73,603.2466666666667,609.4466666666666
2021-06-01,Maceió,AL,Nordeste,594.32,-2.1389405740066647,3.576158940397378,False,607.31,573.8,597.9966666666668,603.36
2021-07-01,Maceió,AL,Nordeste,602.79,1.425158163952056,3.6523084859427346,False,594.32,581.55,601.4733333333334,603.14
2021-08-01,Maceió,AL,Nordeste,618.63,2.6277808191907726,0.41390728476820016,False,602.79,616.08,605.2466666666667,604.2466666666668
2021-09-01,Maceió,AL,Nordeste,607.59,-1.784588526259634,-3.802979686832064,False,618.63,631.61,609.6700000000001,603.8333333333334
2021-10-01,Maceió,AL,Nordeste,612.53,0.8130482726838695,-3.9635628165127557,False,607.59,637.81,612.9166666666666,607.195
2021-11-01,Maceió,AL,Nordeste,620.77,1.3452402331314506,-4.675839194127951,False,612.53,651.22,613.63,609.4383333333334
2021-12-01,Maceió,AL,Nordeste,634.24,2.1698857870064536,0.5389639211210495,False,620.77,630.84,622.5133333333333,616.0916666666666
2022-01-01,Maceió,AL,Nordeste,628.62,-0.8860998990918301,4.057208124348222,False,634.24,604.11,627.8766666666667,620.3966666666666
2022-02-01,Maceió,AL,Nordeste,648.33,3.135439534217821,5.938005522966061,False,628.62,611.99,637.0633333333334,625.3466666666667
2022-03-01,Maceió,AL,Nordeste,645.67,-0.4102848857834851,5.835395938171017,False,648.33,610.07,640.8733333333333,631.6933333333333
2022-04-01,Maceió,AL,Nordeste,629.38,-2.5229606455309916,6.24957795934904,False,645.67,592.36,641.1266666666667,634.5016666666667
2022-05-01,Maceió,AL,Nordeste,631.1,0.2732848199815674,3.9172745385388064,False,629.38,607.31,635.3833333333333,636.2233333333334
2022-06-01,Maceió,AL,Nordeste,650.09,3.009031849152266,9.383833624983161,False,631.1,594.32,636.8566666666667,638.865
2022-07-01,Maceió,AL,Nordeste,648.53,-0.2399667738313238,7.588048905920797,False,650.09,602.79,643.2399999999999,642.1833333333333
2022-08-01,Maceió,AL,Nordeste,664.39,2.445530661650186,7.396990123337055,False,648.53,618.63,654.3366666666667,644.86
2022-09-01,Maceió,AL,Nordeste,647.6,-2.5271301494603993,6.5850326700571005,False,664.39,607.59,653.5066666666667,645.1816666666666
2022-10-01,Maceió,AL,Nordeste,659.31,1.8082149474984544,7.637176954598135,False,647.6,612.53,657.0999999999999,650.17
2022-11-01,Maceió,AL,Nordeste,664.62,0.8053874505164593,7.063807851539217,False,659.31,620.77,657.1766666666666,655.7566666666667
2022-12-01,Maceió,AL,Nordeste,663.21,-0.21215130450482622,4.567671543895058,False,664.62,634.24,662.38,657.9433333333333
2023-01-01,Maceió,AL,Nordeste,659.95,-0.49154867990530704,4.983933059718115,False,663.21,628.62,662.5933333333334,659.8466666666667
2023-02-01,Maceió,AL,Nordeste,685.0,3.795742101674371,5.656070211157882,False,659.95,648.33,669.3866666666667,663.2816666666666
2023-03-01,Maceió,AL,Nordeste,683.34,-0.24233576642335164,5.834249694116211,False,685.0,645.67,676.0966666666667,669.2383333333333
2023-04-01,Maceió,AL,Nordeste,675.51,-1.1458424795855682,7.3294353172963955,False,683.34,629.38,681.2833333333333,671.9383333333334
2023-05-01,Maceió,AL,Nordeste,675.42,-0.013323266865039596,7.022658849627628,False,675.51,631.1,678.09,673.7383333333333
2023-06-01,Maceió,AL,Nordeste,677.41,0.29463148855526367,4.202495039148424,False,675.42,650.09,676.1133333333332,676.105
2023-07-01,Maceió,AL,Nordeste,692.73,2.2615550405219897,6.815413319353003,False,677.41,648.53,681.8533333333334,681.5683333333333
2023-08-01,Maceió,AL,Nordeste,688.38,-0.6279502836603057,3.6108309878234213,False,692.73,664.39,686.1733333333333,682.1316666666667
2023-09-01,Maceió,AL,Nordeste,699.21,1.5732589558092869,7.969425571340327,False,688.38,647.6,693.44,684.7766666666666
2023-10-01,Maceió,AL,Nordeste,700.79,0.22596930821927597,6.291425884636981,False,699.21,659.31,696.1266666666667,688.9900000000001
2023-11-01,Maceió,AL,Nordeste,695.45,-0.7619971746172016,4.63874093466945,False,700.79,664.62,698.4833333333332,692.3283333333334
2023-12-01,Maceió,AL,Nordeste,699.59,0.5952980084837245,5.485442016857411,False,695.45,663.21,698.61,696.0250000000001
2024-01-01,Maceió,AL,Nordeste,727.26,3.9551737446218427,10.199257519509054,False,699.59,659.95,707.4333333333334,701.7800000000001
2024-02-01,Maceió,AL,Nordeste,726.22,-0.14300250254378755,6.01751824817518,False,727.26,685.0,717.69,708.0866666666667
2024-03-01,Maceió,AL,Nordeste,710.51,-2.163256313513817,3.9760587701583416,False,726.22,683.34,721.3299999999999,709.9699999999999
2024-04-01,Maceió,AL,Nordeste,702.57,-1.117507142756602,4.005862237420632,False,710.51,675.51,713.1,710.2666666666668
2024-05-01,Maceió,AL,Nordeste,711.02,1.202727130392689,5.270794468626927,False,702.57,675.42,708.0333333333333,712.8616666666667
2024-06-01,Maceió,AL,Nordeste,740.43,4.136311214874411,9.303080852068902,False,711.02,677.41,718.0066666666667,719.6683333333334
2024-07-01,Maceió,AL,Nordeste,727.27,-1.7773455964777196,4.9860696086498235,False,740.43,692.73,726.2399999999999,719.67
2024-08-01,Maceió,AL,Nordeste,734.97,1.0587539703273974,6.768064150614483,False,727.27,688.38,734.2233333333334,721.1283333333334
2024-09-01,Maceió,AL,Nordeste,739.52,0.6190728873287199,5.765077730581658,False,734.97,699.21,733.9200000000001,725.9633333333333
2024-10-01,Maceió,AL,Nordeste,733.3,-0.8410861099091393,4.639050214757634,False,739.52,700.79,735.93,731.085
2024-11-01,Maceió,AL,Nordeste,731.9,-0.19091776898949586,5.241210726867496,False,733.3,695.45,734.9066666666666,734.5649999999999
2024-12-01,Maceió,AL,Nordeste,741.47,1.3075556770050678,5.986363441444276,False,731.9,699.59,735.5566666666667,734.7383333333333
2025-01-01,Maceió,AL,Nordeste,770.42,3.9044061121825457,5.934603855567477,False,741.47,727.26,747.93,741.93
2025-02-01,Maceió,AL,Nordeste,772.93,0.3257963188910029,6.431935226239971,False,770.42,726.22,761.6066666666666,748.2566666666667
2025-03-01,Maceió,AL,Nordeste,766.44,-0.8396620651287767,7.871810389720069,False,772.93,710.51,769.93,752.7433333333333
2025-04-01,Maceió,AL,Nordeste,753.88,-1.6387453681958264,7.303186871059109,False,766.44,702.57,764.4166666666666,756.1733333333333
2025-05-01,Maceió,AL,Nordeste,752.28,-0.21223536902424955,5.802931000534439,False,753.88,711.02,757.5333333333333,759.57
2025-06-01,Maceió,AL,Nordeste,759.87,1.008932844153776,2.625501397836394,False,752.28,740.43,755.3433333333332,762.6366666666667
2025-07-01,Maceió,AL,Nordeste,771.65,1.5502651769381481,6.102272883523319,False,759.87,727.27,761.2666666666665,762.8416666666667
2025-08-01,Maceió,AL,Nordeste,757.46,-1.8389166072701246,3.059988843082029,False,771.65,734.97,762.9933333333333,760.2633333333333
2025-09-01,Maceió,AL,Nordeste,755.98,-0.1953898555699385,2.2257680657723933,False,757.46,739.52,761.6966666666667,758.52
2025-10-01,Maceió,AL,Nordeste,769.01,1.7235905711791233,4.8697668075821765,False,755.98,733.3,760.8166666666666,761.0416666666666
2025-11-01,Maceió,AL,Nordeste,754.25,-1.9193508536950121,3.0536958600901887,False,769.01,731.9,759.7466666666666,761.37
2025-12-01,Maceió,AL,Nordeste,783.04,3.8170367915147496,5.606430469203061,False,754.25,741.47,768.7666666666665,765.2316666666667
2026-01-01,Maceió,AL,Nordeste,780.28,-0.35247241520228734,1.2798213961215943,False,783.04,770.42,772.5233333333334,766.6700000000001
2026-02-01,Maceió,AL,Nordeste,782.19,0.2447839237196936,1.1980386322176795,False,780.28,772.93,781.8366666666667,770.7916666666666
2026-03-01,Maceió,AL,Nordeste,758.0,-3.0925989849013735,-1.101195135953248,False,782.19,766.44,773.4900000000001,771.1283333333334
2020-01-01,Manaus,AM,Norte,614.56,,,False,,,614.56,614.56
2020-02-01,Manaus,AM,Norte,611.57,-0.48652694610776814,,False,614.56,,613.065,613.065
2020-03-01,Manaus,AM,Norte,630.62,3.1149336952433826,,False,611.57,,618.9166666666666,618.9166666666666
2020-04-01,Manaus,AM,Norte,602.36,-4.4813041134121985,,False,630.62,,614.85,614.7775
2020-05-01,Manaus,AM,Norte,602.23,-0.02158177833853081,,False,602.36,,611.7366666666667,612.268
2020-06-01,Manaus,AM,Norte,601.4,-0.13782109825150046,,False,602.23,,601.9966666666667,610.4566666666666
2020-07-01,Manaus,AM,Norte,628.21,4.4579314931825875,,False,601.4,,610.6133333333333,612.7316666666667
2020-08-01,Manaus,AM,Norte,665.87,5.994810652488813,,False,628.21,,631.8266666666667,621.7816666666666
2020-09-01,Manaus,AM,Norte,676.68,1.6234400108129154,,False,665.87,,656.92,629.4583333333334
2020-10-01,Manaus,AM,Norte,686.88,1.5073594608973284,,False,676.68,,676.4766666666666,643.545
2020-11-01,Manaus,AM,Norte,674.05,-1.8678662939669244,,False,686.88,,679.2033333333334,655.515
2020-12-01,Manaus,AM,Norte,685.17,1.6497292485720738,,False,674.05,,682.0333333333333,669.4766666666666
2021-01-01,Manaus,AM,Norte,661.26,-3.4896449056438517,7.598932569643324,False,685.17,614.56,673.4933333333332,674.985
2021-02-01,Manaus,AM,Norte,631.99,-4.426398088497718,3.338947299573225,False,661.26,611.57,659.4733333333332,669.3383333333333
2021-03-01,Manaus,AM,Norte,634.92,0.46361493061597425,0.6818686372141558,False,631.99,630.62,642.7233333333334,662.3783333333333
2021-04-01,Manaus,AM,Norte,627.06,-1.2379512379512403,4.100537884321653,False,634.92,602.36,631.3233333333333,652.4083333333333
2021-05-01,Manaus,AM,Norte,635.32,1.317258316588532,5.494578483303725,False,627.06,602.23,632.4333333333333,645.9533333333334
2021-06-01,Manaus,AM,Norte,648.69,2.104451300132215,7.863318922514151,False,635.32,601.4,637.0233333333334,639.8733333333333
2021-07-01,Manaus,AM,Norte,643.16,-0.8524873205999928,2.3797774629502833,False,648.69,628.21,642.39,636.8566666666667
2021-08-01,Manaus,AM,Norte,649.01,0.9095714907643604,-2.532025770796098,False,643.16,665.87,646.9533333333334,639.6933333333333
2021-09-01,Manaus,AM,Norte,650.65,0.2526925625182974,-3.84672223207424,False,649.01,676.68,647.6066666666667,642.3149999999999
2021-10-01,Manaus,AM,Norte,656.64,0.920617843694771,-4.402515723270439,False,650.65,686.88,652.0999999999999,647.245
2021-11-01,Manaus,AM,Norte,663.81,1.0919225146198697,-1.5191751353757166,False,656.64,674.05,657.0333333333333,651.9933333333332
2021-12-01,Manaus,AM,Norte,671.98,1.2307738660158885,-1.9250696907336828,False,663.81,685.17,664.1433333333333,655.8749999999999
2022-01-01,Manaus,AM,Norte,689.12,2.5506711509271085,4.213168798959566,False,671.98,661.26,674.97,663.535
2022-02-01,Manaus,AM,Norte,688.61,-0.07400742976549912,8.95900251586259,False,689.12,631.99,683.2366666666667,670.135
2022-03-01,Manaus,AM,Norte,665.65,-3.334253060513215,4.8399798399798355,False,688.61,634.92,681.1266666666667,672.635
2022-04-01,Manaus,AM,Norte,665.15,-0.07511454968827103,6.074378847319251,False,665.65,627.06,673.1366666666667,674.0533333333334
2022-05-01,Manaus,AM,Norte,686.81,3.256408328948357,8.104577220928011,False,665.15,635.32,672.5366666666665,677.8866666666667
2022-06-01,Manaus,AM,Norte,688.8,0.2897453444183906,6.183230819035268,False,686.81,648.69,680.2533333333332,680.6899999999999
2022-07-01,Manaus,AM,Norte,679.86,-1.2979094076654984,5.7062006343678195,False,688.8,643.16,685.1566666666666,679.1466666666666
2022-08-01,Manaus,AM,Norte,698.75,2.7785132233106857,7.663980524182978,False,679.86,649.01,689.1366666666667,680.8366666666667
2022-09-01,Manaus,AM,Norte,685.71,-1.866189624329151,5.3884576961500175,False,698.75,650.65,688.1066666666667,684.18
2022-10-01,Manaus,AM,Norte,686.21,0.07291712239867465,4.50322855750489,False,685.71,656.64,690.2233333333334,687.6899999999999
2022-11-01,Manaus,AM,Norte,705.46,2.8052636947873077,6.274385742908373,False,686.21,663.81,692.46,690.7983333333333
2022-12-01,Manaus,AM,Norte,686.58,-2.6762679670002565,2.17268371082473,False,705.46,671.98,692.75,690.4283333333334
2023-01-01,Manaus,AM,Norte,698.51,1.7375979492557203,1.3626073833294727,False,686.58,689.12,696.85,693.5366666666667
2023-02-01,Manaus,AM,Norte,724.18,3.674965283245757,5.165478282336866,False,698.51,688.61,703.09,697.775
2023-03-01,Manaus,AM,Norte,705.61,-2.564279598994712,6.003154811086908,False,724.18,665.65,709.4333333333334,701.0916666666667
2023-04-01,Manaus,AM,Norte,698.59,-0.994883859355733,5.027437420130809,False,705.61,665.15,709.46,703.1550000000001
2023-05-01,Manaus,AM,Norte,697.44,-0.16461730056256396,1.54773518149125,False,698.59,686.81,700.5466666666667,701.8183333333333
2023-06-01,Manaus,AM,Norte,711.92,2.0761642578572825,3.3565621370499343,False,697.44,688.8,702.65,706.0416666666666
2023-07-01,Manaus,AM,Norte,712.99,0.15029778626811652,4.873062101020809,False,711.92,679.86,707.4499999999999,708.4549999999999
2023-08-01,Manaus,AM,Norte,714.49,0.21038163228095375,2.2525939177101995,False,712.99,698.75,713.1333333333333,706.84
2023-09-01,Manaus,AM,Norte,719.3,0.6732074626656592,4.898572282743419,False,714.49,685.71,715.5933333333332,709.1216666666666
2023-10-01,Manaus,AM,Norte,721.92,0.3642430140414321,5.203946313810626,False,719.3,686.21,718.57,713.0099999999999
2023-11-01,Manaus,AM,Norte,721.48,-0.06094858156027172,2.2708587304737238,False,721.92,705.46,720.9,717.0166666666668
2023-12-01,Manaus,AM,Norte,726.63,0.7138105006375683,5.833260508607885,False,721.48,686.58,723.3433333333334,719.4683333333334
2024-01-01,Manaus,AM,Norte,728.55,0.26423351637008263,4.300582668823627,False,726.63,698.51,725.5533333333333,722.0616666666666
2024-02-01,Manaus,AM,Norte,757.02,3.907761992999803,4.534784169681583,False,728.55,724.18,737.4,729.15
2024-03-01,Manaus,AM,Norte,742.86,-1.8704921930728369,5.279120193874798,False,757.02,705.61,742.81,733.0766666666667
2024-04-01,Manaus,AM,Norte,730.85,-1.616724551059423,4.617873144476725,False,742.86,698.59,743.5766666666667,734.5649999999999
2024-05-01,Manaus,AM,Norte,736.33,0.7498118628993744,5.576106905253497,False,730.85,697.44,736.68,737.04
2024-06-01,Manaus,AM,Norte,750.77,1.9610772343921834,5.457073828520054,False,736.33,711.92,739.3166666666666,741.0633333333334
2024-07-01,Manaus,AM,Norte,745.76,-0.6673148900462222,4.596137393231325,False,750.77,712.99,744.2866666666667,743.9316666666667
2024-08-01,Manaus,AM,Norte,750.27,0.6047521990989013,5.007767778415362,False,745.76,714.49,748.9333333333334,742.8066666666667
2024-09-01,Manaus,AM,Norte,761.76,1.5314486784757442,5.902961212289726,False,750.27,719.3,752.5966666666667,745.9566666666666
2024-10-01,Manaus,AM,Norte,762.2,0.05776097458518592,5.5795656028369,False,761.76,721.92,758.0766666666667,751.1816666666667
2024-11-01,Manaus,AM,Norte,779.9,2.322225137759104,8.097244552863557,False,762.2,721.48,767.9533333333334,758.4433333333333
2024-12-01,Manaus,AM,Norte,779.54,-0.0461597640723177,7.281560078719562,False,779.9,726.63,773.88,763.2383333333333
2025-01-01,Manaus,AM,Norte,792.49,1.6612361136054687,8.776336558918407,False,779.54,728.55,783.9766666666666,771.0266666666666
2025-02-01,Manaus,AM,Norte,782.05,-1.317366780653395,3.3063855644500872,False,792.49,757.02,784.6933333333333,776.3233333333334
2025-03-01,Manaus,AM,Norte,771.24,-1.3822645610894413,3.8203699216541542,False,782.05,742.86,781.9266666666666,777.9033333333333
2025-04-01,Manaus,AM,Norte,759.13,-1.570198641149323,3.869467058904008,False,771.24,730.85,770.8066666666667,777.3916666666668
2025-05-01,Manaus,AM,Norte,773.1,1.8402645133244633,4.9936848967174985,False,759.13,736.33,767.8233333333333,776.2583333333333
2025-06-01,Manaus,AM,Norte,764.41,-1.12404604837667,1.8168014172116553,False,773.1,750.77,765.5466666666667,773.7366666666667
2025-07-01,Manaus,AM,Norte,786.49,2.888502243560409,5.4615425874275925,False,764.41,745.76,774.6666666666666,772.7366666666667
2025-08-01,Manaus,AM,Norte,791.53,0.6408218794898835,5.4993535660495585,False,786.49,750.27,780.8100000000001,774.3166666666666
2025-09-01,Manaus,AM,Norte,785.57,-0.7529720920242955,3.1256563747112054,False,791.53,761.76,787.8633333333333,776.7049999999999
2025-10-01,Manaus,AM,Norte,808.09,2.866708250060457,6.020729467331409,False,785.57,762.2,795.0633333333334,784.8649999999999
2025-11-01,Manaus,AM,Norte,796.37,-1.4503335024564135,2.1118092063085125,False,808.09,779.9,796.6766666666667,788.7433333333333
2025-12-01,Manaus,AM,Norte,811.59,1.9111719426899487,4.111399030197305,False,796.37,779.54,805.35,796.6066666666667
2026-01-01,Manaus,AM,Norte,852.04,4.984043667368976,7.514290401140711,False,811.59,792.49,820.0,807.5316666666668
2026-02-01,Manaus,AM,Norte,820.6,-3.6899676071545873,4.929352343200577,False,852.04,782.05,828.0766666666667,812.3766666666667
2026-03-01,Manaus,AM,Norte,820.0,-0.07311723129417302,6.322286188475701,False,820.6,771.24,830.88,818.1149999999999
2020-01-01,Natal,RN,Nordeste,569.47,,,False,,,569.47,569.47
2020-02-01,Natal,RN,Nordeste,579.31,1.7279224542118055,,False,569.47,,574.39,574.39
2020-03-01,Natal,RN,Nordeste,554.61,-4.2636930141029765,,False,579.31,,567.7966666666666,567.7966666666666
2020-04-01,Natal,RN,Nordeste,580.3,4.632083806638887,,False,554.61,,571.4066666666666,570.9225
2020-05-01,Natal,RN,Nordeste,556.35,-4.127175598828181,,False,580.3,,563.7533333333333,568.008
2020-06-01,Natal,RN,Nordeste,576.31,3.5876696324256274,,False,556.35,,570.9866666666667,569.3916666666667
2020-07-01,Natal,RN,Nordeste,588.11,2.047509153060001,,False,576.31,,573.59,572.4983333333333
2020-08-01,Natal,RN,Nordeste,620.47,5.502372005237111,,False,588.11,,594.9633333333333,579.3583333333333
2020-09-01,Natal,RN,Nordeste,611.27,-1.4827469498928325,,False,620.47,,606.6166666666667,588.8016666666666
2020-10-01,Natal,RN,Nordeste,628.46,2.8121779246486955,,False,611.27,,620.0666666666666,596.8283333333333
2020-11-01,Natal,RN,Nordeste,627.35,-0.1766222193934408,,False,628.46,,622.36,608.6616666666667
2020-12-01,Natal,RN,Nordeste,618.49,-1.4122897903881437,,False,627.35,,624.7666666666667,615.6916666666667
2021-01-01,Natal,RN,Nordeste,605.83,-2.0469207262849842,6.384884190563156,False,618.49,569.47,617.2233333333334,618.645
2021-02-01,Natal,RN,Nordeste,607.43,0.2641004902365296,4.854050508363406,False,605.83,579.31,610.5833333333334,616.4716666666667
2021-03-01,Natal,RN,Nordeste,605.23,-0.36218165056054463,9.127134382719394,False,607.43,554.61,606.1633333333333,615.465
2021-04-01,Natal,RN,Nordeste,580.35,-4.110833897857013,0.00861623298296088,False,605.23,580.3,597.67,607.4466666666667
2021-05-01,Natal,RN,Nordeste,578.7,-0.2843111915223573,4.017255324885416,False,580.35,556.35,588.0933333333334,599.3383333333333
2021-06-01,Natal,RN,Nordeste,599.47,3.589078970105408,4.0186705071923345,False,578.7,576.31,586.1733333333333,596.1683333333334
2021-07-01,Natal,RN,Nordeste,604.24,0.7957028708692748,2.742684191732847,False,599.47,588.11,594.1366666666668,595.9033333333333
2021-08-01,Natal,RN,Nordeste,614.55,1.7062756520587863,-0.9541154286267006,False,604.24,620.47,606.0866666666666,597.09
2021-09-01,Natal,RN,Nordeste,620.71,1.0023594500040867,1.544325748032782,False,614.55,611.27,613.1666666666666,599.6700000000001
2021-10-01,Natal,RN,Nordeste,621.39,0.10955196468558359,-1.1249721541546132,False,620.71,628.46,618.8833333333333,606.51
2021-11-01,Natal,RN,Nordeste,616.15,-0.8432707317465704,-1.7852873196780195,False,621.39,627.35,619.4166666666666,612.7516666666667
2021-12-01,Natal,RN,Nordeste,622.6,1.0468230138765078,0.6645216575854151,False,616.15,618.49,620.0466666666666,616.6066666666667
2022-01-01,Natal,RN,Nordeste,625.73,0.5027304850626413,3.2847498473169034,False,622.6,605.83,621.4933333333333,620.1883333333334
2022-02-01,Natal,RN,Nordeste,634.53,1.4063573745864755,4.46141942281415,False,625.73,607.43,627.62,623.5183333333333
2022-03-01,Natal,RN,Nordeste,613.53,-3.309536192142215,1.371379475571266,False,634.53,605.23,624.5966666666667,622.3216666666666
2022-04-01,Natal,RN,Nordeste,616.48,0.4808240835818989,6.225553545274409,False,613.53,580.35,621.5133333333333,621.5033333333333
2022-05-01,Natal,RN,Nordeste,618.97,0.4039060472359246,6.958700535683415,False,616.48,578.7,616.3266666666667,621.9733333333334
2022-06-01,Natal,RN,Nordeste,643.77,4.006656219202864,7.389861043922119,False,618.97,599.47,626.4066666666666,625.5016666666667
2022-07-01,Natal,RN,Nordeste,630.49,-2.0628485328611057,4.344300278035207,False,643.77,604.24,631.0766666666667,626.295
2022-08-01,Natal,RN,Nordeste,635.37,0.7740011736903085,3.3878447644618115,False,630.49,614.55,636.5433333333334,626.435
2022-09-01,Natal,RN,Nordeste,638.89,0.5540079009081378,2.928903997035648,False,635.37,620.71,634.9166666666666,630.6616666666667
2022-10-01,Natal,RN,Nordeste,635.71,-0.49773826480300487,2.3045108546967397,False,638.89,621.39,636.6566666666666,633.8666666666667
2022-11-01,Natal,RN,Nordeste,635.29,-0.06606786113165786,3.106386431875352,False,635.71,616.15,636.63,636.5866666666666
2022-12-01,Natal,RN,Nordeste,654.47,3.019093642273618,5.118856408609052,False,635.29,622.6,641.8233333333334,638.37
2023-01-01,Natal,RN,Nordeste,651.55,-0.4461625437376937,4.12638038770714,False,654.47,625.73,647.1033333333334,641.88
2023-02-01,Natal,RN,Nordeste,651.21,-0.05218325531424206,2.6287173183301205,False,651.55,634.53,652.41,644.52
2023-03-01,Natal,RN,Nordeste,656.69,0.8415104190660383,7.0347008296252955,False,651.21,613.53,653.15,647.4866666666667
2023-04-01,Natal,RN,Nordeste,653.11,-0.5451582938677313,5.941798598494685,False,656.69,616.48,653.6700000000001,650.3866666666667
2023-05-01,Natal,RN,Nordeste,642.62,-1.606161289828667,3.8208636929091933,False,653.11,618.97,650.8066666666667,651.6083333333332
2023-06-01,Natal,RN,Nordeste,655.0,1.926488437957108,1.7444118240986795,False,642.62,643.77,650.2433333333333,651.6966666666667
2023-07-01,Natal,RN,Nordeste,663.19,1.2503816793893119,5.186442290916604,False,655.0,630.49,653.6033333333334,653.6366666666667
2023-08-01,Natal,RN,Nordeste,657.7,-0.8278170659991924,3.5144876213859755,False,663.19,635.37,658.63,654.7183333333334
2023-09-01,Natal,RN,Nordeste,659.56,0.2828037098981051,3.235298721219615,False,657.7,638.89,660.15,655.1966666666666
2023-10-01,Natal,RN,Nordeste,675.31,2.387955606768144,6.229255478126805,False,659.56,635.71,664.1899999999999,658.8966666666666
2023-11-01,Natal,RN,Nordeste,675.6,0.04294324088198742,6.345133718459306,False,675.31,635.29,670.1566666666666,664.3933333333333
2023-12-01,Natal,RN,Nordeste,683.71,1.2004144464180078,4.467737253044457,False,675.6,654.47,678.2066666666666,669.1783333333333
2024-01-01,Natal,RN,Nordeste,679.2,-0.6596363955478135,4.243726498350098,False,683.71,651.55,679.5033333333334,671.8466666666667
2024-02-01,Natal,RN,Nordeste,687.75,1.2588339222614708,5.611093195743311,False,679.2,651.21,683.5533333333334,676.855
2024-03-01,Natal,RN,Nordeste,682.96,-0.6964740094510979,4.000365469247291,False,687.75,656.69,683.3033333333334,680.755
2024-04-01,Natal,RN,Nordeste,665.57,-2.5462691812111915,1.9077950115600872,False,682.96,653.11,678.76,679.1316666666667
2024-05-01,Natal,RN,Nordeste,680.6,2.258214763285604,5.910180199807047,False,665.57,642.62,676.3766666666667,679.965
2024-06-01,Natal,RN,Nordeste,698.08,2.5683220687628516,6.577099236641226,False,680.6,655.0,681.4166666666667,682.36
2024-07-01,Natal,RN,Nordeste,686.16,-1.7075406830162843,3.4635624783244445,False,698.08,663.19,688.2800000000001,683.52
2024-08-01,Natal,RN,Nordeste,693.69,1.0974116824064462,5.472099741523495,False,686.16,657.7,692.6433333333334,684.5100000000001
2024-09-01,Natal,RN,Nordeste,707.59,2.003776903227661,7.28212747892536,False,693.69,659.56,695.8133333333334,688.6150000000001
2024-10-01,Natal,RN,Nordeste,712.91,0.751847821478524,5.567813300558266,False,707.59,675.31,704.73,696.5050000000001
2024-11-01,Natal,RN,Nordeste,707.06,-0.820580437923446,4.656601539372396,False,712.91,675.6,709.1866666666666,700.915
2024-12-01,Natal,RN,Nordeste,708.43,0.19376007693829855,3.6155680039782867,False,707.06,683.71,709.4666666666666,702.64
2025-01-01,Natal,RN,Nordeste,713.58,0.7269596149231505,5.061837455830398,False,708.43,679.2,709.69,707.21
2025-02-01,Natal,RN,Nordeste,725.94,1.7321113259900711,5.5528898582333674,False,713.58,687.75,715.9833333333335,712.585
2025-03-01,Natal,RN,Nordeste,715.96,-1.3747692646775223,4.831908164460574,False,725.94,682.96,718.4933333333333,713.98
2025-04-01,Natal,RN,Nordeste,701.74,-1.9861444773451087,5.434439653229561,False,715.96,665.57,714.5466666666667,712.1183333333333
2025-05-01,Natal,RN,Nordeste,704.05,0.32918174822582635,3.445489274169833,False,701.74,680.6,707.25,711.6166666666667
2025-06-01,Natal,RN,Nordeste,714.81,1.52830054683617,2.3965734586293586,False,704.05,698.08,706.8666666666667,712.68
2025-07-01,Natal,RN,Nordeste,716.62,0.25321414082064564,4.439197854727772,False,714.81,686.16,711.8266666666665,713.1866666666666
2025-08-01,Natal,RN,Nordeste,720.43,0.5316625268622088,3.8547477980077405,False,716.62,693.69,717.2866666666667,712.2683333333333
2025-09-01,Natal,RN,Nordeste,746.6,3.6325527809780267,5.513079608247717,False,720.43,707.59,727.8833333333333,717.375
2025-10-01,Natal,RN,Nordeste,748.72,0.2839539244575473,5.023074441374087,False,746.6,712.91,738.5833333333334,725.2049999999999
2025-11-01,Natal,RN,Nordeste,749.21,0.06544502617800152,5.961304556897584,False,748.72,707.06,748.1766666666667,732.7316666666666
2025-12-01,Natal,RN,Nordeste,756.15,0.926309045527951,6.7360219075984995,False,749.21,708.43,751.36,739.6216666666666
2026-01-01,Natal,RN,Nordeste,781.66,3.3736692455200723,9.54062613862494,False,756.15,713.58,762.34,750.4616666666667
2026-02-01,Natal,RN,Nordeste,784.43,0.35437402451192757,8.057139708515848,False,781.66,725.94,774.0799999999999,761.1283333333334
2026-03-01,Natal,RN,Nordeste,765.0,-2.4769577910074725,6.849544667299834,False,784.43,715.96,777.0299999999999,764.195
2020-01-01,Palmas,TO,Norte,585.55,,,False,,,585.55,585.55
2020-02-01,Palmas,TO,Norte,594.74,1.569464605926063,,False,585.55,,590.145,590.145
2020-03-01,Palmas,TO,Norte,566.41,-4.763426034906015,,False,594.74,,582.2333333333332,582.2333333333332
2020-04-01,Palmas,TO,Norte,574.81,1.4830246641125644,,False,566.41,,578.6533333333333,580.3774999999999
2020-05-01,Palmas,TO,Norte,578.11,0.5741027469946758,,False,574.81,,573.11,579.924
2020-06-01,Palmas,TO,Norte,581.34,0.5587171991489503,,False,578.11,,578.0866666666667,580.16
2020-07-01,Palmas,TO,Norte,597.25,2.736780541507544,,False,581.34,,585.5666666666667,582.11
2020-08-01,Palmas,TO,Norte,634.68,6.267057346169946,,False,597.25,,604.4233333333333,588.7666666666667
2020-09-01,Palmas,TO,Norte,639.63,0.779920589903571,,False,634.68,,623.8533333333334,600.97
2020-10-01,Palmas,TO,Norte,640.0,0.057845942185319466,,False,639.63,,638.1033333333334,611.835
2020-11-01,Palmas,TO,Norte,644.28,0.6687499999999957,,False,640.0,,641.3033333333333,622.8633333333333
2020-12-01,Palmas,TO,Norte,638.17,-0.948345439870868,,False,644.28,,640.8166666666666,632.3349999999999
2021-01-01,Palmas,TO,Norte,602.12,-5.6489650093235255,2.8298181197165206,False,638.17,585.55,628.1899999999999,633.1466666666666
2021-02-01,Palmas,TO,Norte,629.04,4.470869594100835,5.767226014729121,False,602.12,594.74,623.11,632.2066666666666
2021-03-01,Palmas,TO,Norte,600.04,-4.6101996693374,5.937395173107829,False,629.04,566.41,610.4,625.6083333333332
2021-04-01,Palmas,TO,Norte,592.36,-1.2799146723551647,3.0531827908352405,False,600.04,574.81,607.1466666666666,617.6683333333333
2021-05-01,Palmas,TO,Norte,585.66,-1.1310689445607425,1.3059798308280302,False,592.36,578.11,592.6866666666666,607.8983333333333
2021-06-01,Palmas,TO,Norte,609.6,4.087695932793789,4.861182784601081,False,585.66,581.34,595.8733333333333,603.1366666666667
2021-07-01,Palmas,TO,Norte,606.78,-0.46259842519685845,1.5956467141063246,False,609.6,597.25,600.68,603.9133333333333
2021-08-01,Palmas,TO,Norte,633.17,4.349187514420372,-0.23791516984936756,False,606.78,634.68,616.5166666666668,604.6016666666667
2021-09-01,Palmas,TO,Norte,630.79,-0.3758864128117212,-1.382048997076435,False,633.17,639.63,623.5799999999999,609.7266666666667
2021-10-01,Palmas,TO,Norte,619.9,-1.7264065695397846,-3.140625000000008,False,630.79,640.0,627.9533333333333,614.3166666666666
2021-11-01,Palmas,TO,Norte,646.12,4.229714470075829,0.28559011609858853,False,619.9,644.28,632.27,624.3933333333333
2021-12-01,Palmas,TO,Norte,638.67,-1.1530365876307846,0.07834902925552001,False,646.12,638.17,634.8966666666666,629.2383333333333
2022-01-01,Palmas,TO,Norte,643.61,0.7734823930981571,6.890653025974891,False,638.67,602.12,642.8000000000001,635.3766666666667
2022-02-01,Palmas,TO,Norte,629.01,-2.268454498842465,-0.004769172071728001,False,643.61,629.04,637.0966666666667,634.6833333333333
2022-03-01,Palmas,TO,Norte,657.35,4.505492758461704,9.551029931337919,False,629.01,600.04,643.3233333333334,639.11
2022-04-01,Palmas,TO,Norte,621.04,-5.523693618315972,4.841650347761495,False,657.35,592.36,635.8000000000001,639.3000000000001
2022-05-01,Palmas,TO,Norte,621.73,0.11110395465672163,6.158863504422363,False,621.04,585.66,633.3733333333333,635.235
2022-06-01,Palmas,TO,Norte,655.52,5.434835057018317,7.532808398950119,False,621.73,609.6,632.7633333333333,638.0433333333333
2022-07-01,Palmas,TO,Norte,669.66,2.157066145960451,10.362899238603784,False,655.52,606.78,648.9699999999999,642.385
2022-08-01,Palmas,TO,Norte,664.02,-0.8422184392079535,4.872309174471323,False,669.66,633.17,663.0666666666666,648.2199999999999
2022-09-01,Palmas,TO,Norte,660.28,-0.5632360471070186,4.6750899665498835,False,664.02,630.79,664.6533333333333,648.7083333333334
2022-10-01,Palmas,TO,Norte,663.36,0.4664687708245019,7.010808194870144,False,660.28,619.9,662.5533333333334,655.7616666666667
2022-11-01,Palmas,TO,Norte,668.27,0.7401712493970036,3.4281557605398305,False,663.36,646.12,663.9699999999999,663.5183333333333
2022-12-01,Palmas,TO,Norte,670.37,0.3142442425965619,4.963439648018553,False,668.27,638.67,667.3333333333334,665.9933333333333
2023-01-01,Palmas,TO,Norte,682.76,1.8482330653221357,6.082876276005655,False,670.37,643.61,673.8000000000001,668.1766666666666
2023-02-01,Palmas,TO,Norte,684.29,0.22409045638291936,8.788413538735472,False,682.76,629.01,679.14,671.555
2023-03-01,Palmas,TO,Norte,672.45,-1.730260562042396,2.297102000456386,False,684.29,657.35,679.8333333333334,673.5833333333334
2023-04-01,Palmas,TO,Norte,659.68,-1.8990259498847584,6.2218214607754785,False,672.45,621.04,672.14,672.97
2023-05-01,Palmas,TO,Norte,666.35,1.0110962891098918,7.176748749457151,False,659.68,621.73,666.16,672.65
2023-06-01,Palmas,TO,Norte,668.16,0.2716290237862795,1.9282401757383383,False,666.35,655.52,664.7299999999999,672.2816666666666
2023-07-01,Palmas,TO,Norte,683.86,2.3497365900383205,2.12047904906969,False,668.16,669.66,672.79,672.465
2023-08-01,Palmas,TO,Norte,679.7,-0.608311642733883,2.3613746573898364,False,683.86,664.02,677.2400000000001,671.7
2023-09-01,Palmas,TO,Norte,681.75,0.30160364866851364,3.251650814805851,False,679.7,660.28,681.77,673.25
2023-10-01,Palmas,TO,Norte,695.0,1.9435276861019535,4.7696575012059705,False,681.75,663.36,685.4833333333332,679.1366666666667
2023-11-01,Palmas,TO,Norte,707.69,1.8258992805755492,5.898813353883914,False,695.0,668.27,694.8133333333334,686.0266666666666
2023-12-01,Palmas,TO,Norte,706.91,-0.11021775071007323,5.450721243492396,False,707.69,670.37,703.2000000000002,692.485
2024-01-01,Palmas,TO,Norte,704.07,-0.4017484545415839,3.121155310797352,False,706.91,682.76,706.2233333333334,695.8533333333334
2024-02-01,Palmas,TO,Norte,711.82,1.1007428238669403,4.0231480804922,False,704.07,684.29,707.6,701.2066666666666
2024-03-01,Palmas,TO,Norte,716.19,0.6139192492484069,6.504572830693722,False,711.82,672.45,710.6933333333333,706.9466666666667
2024-04-01,Palmas,TO,Norte,693.19,-3.2114383054775986,5.079735629396076,False,716.19,659.68,707.0666666666666,706.645
2024-05-01,Palmas,TO,Norte,702.28,1.3113287843159682,5.3920612290838,False,693.19,666.35,703.8866666666667,705.7433333333333
2024-06-01,Palmas,TO,Norte,722.29,2.84929088113004,8.101352969348664,False,702.28,668.16,705.9200000000001,708.3066666666667
2024-07-01,Palmas,TO,Norte,713.25,-1.251574852206172,4.297663264410834,False,722.29,683.86,712.6066666666666,709.8366666666667
2024-08-01,Palmas,TO,Norte,724.95,1.6403785488959155,6.6573488303663275,False,713.25,679.7,720.1633333333333,712.0250000000001
2024-09-01,Palmas,TO,Norte,716.56,-1.157321194565153,5.105977264393102,False,724.95,681.75,718.2533333333334,712.0866666666666
2024-10-01,Palmas,TO,Norte,725.56,1.256000893156184,4.397122302158274,False,716.56,695.0,722.3566666666666,717.4816666666667
2024-11-01,Palmas,TO,Norte,736.09,1.4512927945311338,4.013056564314876,False,725.56,707.69,726.07,723.1166666666667
2024-12-01,Palmas,TO,Norte,723.95,-1.6492548465540824,2.4104907272495923,False,736.09,706.91,728.5333333333333,723.3933333333333
2025-01-01,Palmas,TO,Norte,758.2,4.730989709234068,7.688156007215197,False,723.95,704.07,739.4133333333334,730.8850000000001
2025-02-01,Palmas,TO,Norte,757.78,-0.055394355051452404,6.456688488662854,False,758.2,711.82,746.6433333333333,736.3566666666667
2025-03-01,Palmas,TO,Norte,750.71,-0.9329884663094701,4.819950013264629,False,757.78,716.19,755.5633333333334,742.0483333333333
2025-04-01,Palmas,TO,Norte,740.06,-1.4186570047022284,6.761493962694187,False,750.71,693.19,749.5166666666665,744.465
2025-05-01,Palmas,TO,Norte,749.98,1.3404318568764895,6.792162670160051,False,740.06,702.28,746.9166666666666,746.7800000000001
2025-06-01,Palmas,TO,Norte,752.2,0.29600789354382595,4.140995998837038,False,749.98,722.29,747.4133333333334,751.4883333333333
2025-07-01,Palmas,TO,Norte,748.64,-0.4732783834086707,4.961794602173142,False,752.2,713.25,750.2733333333334,749.895
2025-08-01,Palmas,TO,Norte,753.84,0.6945928617225983,3.985102420856612,False,748.64,724.95,751.5600000000001,749.2383333333333
2025-09-01,Palmas,TO,Norte,757.97,0.5478616151968652,5.778999665066431,False,753.84,716.56,753.4833333333332,750.4483333333333
2025-10-01,Palmas,TO,Norte,754.9,-0.40502922279246345,4.043773085616631,False,757.97,725.56,755.57,752.9216666666666
2025-11-01,Palmas,TO,Norte,755.64,0.09802622863954724,2.6559252265347943,False,754.9,736.09,756.17,753.8649999999999
2025-12-01,Palmas,TO,Norte,750.65,-0.6603673707056279,3.688100006906536,False,755.64,723.95,753.73,753.6066666666667
2026-01-01,Palmas,TO,Norte,766.91,2.1661226936654954,1.1487734107095582,False,750.65,758.2,757.7333333333332,756.6516666666666
2026-02-01,Palmas,TO,Norte,762.0,-0.6402315786728563,0.5568898624930707,False,766.91,757.78,759.8533333333334,758.0116666666667
2026-03-01,Palmas,TO,Norte,772.0,1.3123359580052396,2.83598193709953,False,762.0,750.71,766.9699999999999,760.3499999999999
2020-01-01,Porto Alegre,RS,Sul,659.0,,,False,,,659.0,659.0
2020-02-01,Porto Alegre,RS,Sul,648.57,-1.5827010622154747,,False,659.0,,653.7850000000001,653.7850000000001
2020-03-01,Porto Alegre,RS,Sul,640.36,-1.2658618190789062,,False,648.57,,649.3100000000001,649.3100000000001
2020-04-01,Porto Alegre,RS,Sul,630.63,-1.519457804984703,,False,640.36,,639.8533333333334,644.64
2020-05-01,Porto Alegre,RS,Sul,648.85,2.8891743177457574,,False,630.63,,639.9466666666666,645.482
2020-06-01,Porto Alegre,RS,Sul,665.7,2.5969022116051566,,False,648.85,,648.3933333333333,648.8516666666667
2020-07-01,Porto Alegre,RS,Sul,662.04,-0.5497972059486322,,False,665.7,,658.8633333333333,649.3583333333333
2020-08-01,Porto Alegre,RS,Sul,722.21,9.088574708476838,,False,662.04,,683.3166666666666,661.6316666666667
2020-09-01,Porto Alegre,RS,Sul,711.11,-1.5369490868307079,,False,722.21,,698.4533333333334,673.4233333333334
2020-10-01,Porto Alegre,RS,Sul,722.6,1.6157837746621384,,False,711.11,,718.64,688.7516666666667
2020-11-01,Porto Alegre,RS,Sul,713.88,-1.2067533905341876,,False,722.6,,715.8633333333333,699.59
2020-12-01,Porto Alegre,RS,Sul,722.08,1.148652434582842,,False,713.88,,719.52,708.9866666666667
2021-01-01,Porto Alegre,RS,Sul,698.06,-3.3265012187015386,5.92716236722306,False,722.08,659.0,711.34,714.9900000000001
2021-02-01,Porto Alegre,RS,Sul,692.38,-0.8136836375096657,6.754860693525755,False,698.06,648.57,704.1733333333333,710.0183333333333
2021-03-01,Porto Alegre,RS,Sul,693.56,0.1704266443282476,8.307826847398324,False,692.38,640.36,694.6666666666666,707.0933333333332
2021-04-01,Porto Alegre,RS,Sul,681.11,-1.7950862218120922,8.004693718979428,False,693.56,630.63,689.0166666666668,700.1783333333333
2021-05-01,Porto Alegre,RS,Sul,701.87,3.047965820498888,8.171380134083384,False,681.11,648.85,692.18,698.1766666666666
2021-06-01,Porto Alegre,RS,Sul,694.35,-1.0714234829811708,4.303740423614233,False,701.87,665.7,692.4433333333333,693.555
2021-07-01,Porto Alegre,RS,Sul,685.62,-1.2572909915748554,3.5617183251767326,False,694.35,662.04,693.9466666666667,691.4816666666667
2021-08-01,Porto Alegre,RS,Sul,699.88,2.079869315364191,-3.0918984782819403,False,685.62,722.21,693.2833333333334,692.7316666666666
2021-09-01,Porto Alegre,RS,Sul,695.75,-0.5901011601988859,-2.1600033750052705,False,699.88,711.11,693.75,693.0966666666667
2021-10-01,Porto Alegre,RS,Sul,714.58,2.7064319080129406,-1.1098809853307467,False,695.75,722.6,703.4033333333333,698.6750000000001
2021-11-01,Porto Alegre,RS,Sul,710.43,-0.5807607265806647,-0.4832744999159533,False,714.58,713.88,706.9200000000001,700.1016666666666
2021-12-01,Porto Alegre,RS,Sul,712.35,0.2702588573117781,-1.3474961223133186,False,710.43,722.08,712.4533333333334,703.1016666666666
2022-01-01,Porto Alegre,RS,Sul,730.15,2.4987716712290275,4.597026043606567,False,712.35,698.06,717.6433333333334,710.5233333333334
2022-02-01,Porto Alegre,RS,Sul,740.51,1.4188865301650422,6.9513850775585695,False,730.15,692.38,727.6700000000001,717.2950000000001
2022-03-01,Porto Alegre,RS,Sul,719.96,-2.775114448150595,3.806447892035303,False,740.51,693.56,730.2066666666666,721.3299999999999
2022-04-01,Porto Alegre,RS,Sul,722.3,0.3250180565586902,6.047481317261516,False,719.96,681.11,727.59,722.6166666666667
2022-05-01,Porto Alegre,RS,Sul,727.82,0.7642253911117391,3.697265875447031,False,722.3,701.87,723.36,725.515
2022-06-01,Porto Alegre,RS,Sul,731.12,0.4534088098705702,5.295600201627426,False,727.82,694.35,727.0799999999999,728.6433333333333
2022-07-01,Porto Alegre,RS,Sul,729.91,-0.1654995076047716,6.459846562235638,False,731.12,685.62,729.6166666666667,728.6033333333334
2022-08-01,Porto Alegre,RS,Sul,736.69,0.9288816429422919,5.2594730525233,False,729.91,699.88,732.5733333333333,727.9666666666667
2022-09-01,Porto Alegre,RS,Sul,749.96,1.8013004112991782,7.7915918074020984,False,736.69,695.75,738.8533333333334,732.9666666666667
2022-10-01,Porto Alegre,RS,Sul,748.53,-0.19067683609793606,4.7510425704609505,False,749.96,714.58,745.0600000000001,737.3383333333333
2022-11-01,Porto Alegre,RS,Sul,756.35,1.044714306707828,6.463691004039807,False,748.53,710.43,751.6133333333333,742.0933333333334
2022-12-01,Porto Alegre,RS,Sul,768.96,1.667217558008871,7.946936197094123,False,756.35,712.35,757.9466666666667,748.4000000000001
2023-01-01,Porto Alegre,RS,Sul,775.43,0.8413961714523355,6.201465452304311,False,768.96,730.15,766.9133333333333,755.9866666666667
2023-02-01,Porto Alegre,RS,Sul,770.75,-0.6035361025495511,4.0836720638478985,False,775.43,740.51,771.7133333333333,761.6633333333333
2023-03-01,Porto Alegre,RS,Sul,774.03,0.42555951994809327,7.510139452191789,False,770.75,719.96,773.4033333333333,765.6750000000001
2023-04-01,Porto Alegre,RS,Sul,758.06,-2.063227523481004,4.950851446767279,False,774.03,722.3,767.6133333333333,767.2633333333333
2023-05-01,Porto Alegre,RS,Sul,768.19,1.3363058333113687,5.546701107416663,False,758.06,727.82,766.7600000000001,769.2366666666667
2023-06-01,Porto Alegre,RS,Sul,784.98,2.185657194183732,7.36677973520079,False,768.19,731.12,770.41,771.9066666666666
2023-07-01,Porto Alegre,RS,Sul,772.44,-1.5974929297561724,5.8267457631763,False,784.98,729.91,775.2033333333334,771.4083333333333
2023-08-01,Porto Alegre,RS,Sul,794.84,2.8999016104810593,7.893415140696902,False,772.44,736.69,784.0866666666667,775.4233333333333
2023-09-01,Porto Alegre,RS,Sul,794.72,-0.015097378088668734,5.968318310309884,False,794.84,749.96,787.3333333333334,778.8716666666668
2023-10-01,Porto Alegre,RS,Sul,786.36,-1.0519428226293592,5.053905655083968,False,794.72,748.53,791.9733333333334,783.5883333333335
2023-11-01,Porto Alegre,RS,Sul,797.35,1.3975787171270238,5.420770807165987,False,786.36,756.35,792.8100000000001,788.4483333333334
2023-12-01,Porto Alegre,RS,Sul,800.72,0.4226500282184853,4.13025384935497,False,797.35,768.96,794.8100000000001,791.0716666666667
2024-01-01,Porto Alegre,RS,Sul,818.67,2.241732440803279,5.576260913299724,False,800.72,775.43,805.5799999999999,798.7766666666666
2024-02-01,Porto Alegre,RS,Sul,829.31,1.2996689752891921,7.597794356146603,False,818.67,770.75,816.2333333333332,804.5216666666666
2024-03-01,Porto Alegre,RS,Sul,821.51,-0.9405409316178504,6.134129168120106,False,829.31,774.03,823.1633333333333,808.9866666666667
2024-04-01,Porto Alegre,RS,Sul,801.68,-2.4138476707526446,5.754161939688163,False,821.51,758.06,817.5,811.54
2024-05-01,Porto Alegre,RS,Sul,816.04,1.79123839936135,6.22892773923116,False,801.68,768.19,813.0766666666665,814.6549999999999
2024-06-01,Porto Alegre,RS,Sul,829.42,1.6396255085534994,5.661290733521862,False,816.04,784.98,815.7133333333333,819.4383333333334
2024-07-01,Porto Alegre,RS,Sul,827.24,-0.2628342697306496,7.09440215421262,False,829.42,772.44,824.2333333333332,820.8666666666667
2024-08-01,Porto Alegre,RS,Sul,830.68,0.41584062666215615,4.509083589150009,False,827.24,794.84,829.1133333333333,821.0949999999999
2024-09-01,Porto Alegre,RS,Sul,823.96,-0.808975778879939,3.6792832695792255,False,830.68,794.72,827.2933333333334,821.5033333333332
2024-10-01,Porto Alegre,RS,Sul,825.1,0.13835623088498394,4.926496769927269,False,823.96,786.36,826.58,825.4066666666668
2024-11-01,Porto Alegre,RS,Sul,842.37,2.0930796267119023,5.646203047595155,False,825.1,797.35,830.4766666666668,829.7950000000001
2024-12-01,Porto Alegre,RS,Sul,838.17,-0.4985932547455496,4.677040663402932,False,842.37,800.72,835.2133333333333,831.2533333333334
2025-01-01,Porto Alegre,RS,Sul,865.66,3.279764248302852,5.739797476394637,False,838.17,818.67,848.7333333333332,837.6566666666668
2025-02-01,Porto Alegre,RS,Sul,865.78,0.01386225538895225,4.397631766167054,False,865.66,829.31,856.5366666666665,843.5066666666667
2025-03-01,Porto Alegre,RS,Sul,842.71,-2.6646492180461445,2.5806137478545654,False,865.78,821.51,858.0499999999998,846.6316666666667
2025-04-01,Porto Alegre,RS,Sul,851.0,0.9837310581338743,6.152080630675583,False,842.71,801.68,853.1633333333333,850.9483333333333
2025-05-01,Porto Alegre,RS,Sul,844.42,-0.7732079905993006,3.477770697514826,False,851.0,816.04,846.0433333333334,851.29
2025-06-01,Porto Alegre,RS,Sul,860.81,1.9409772388148117,3.784572351763882,False,844.42,829.42,852.0766666666667,855.0633333333332
2025-07-01,Porto Alegre,RS,Sul,852.66,-0.9467826814279601,3.0728688167883433,False,860.81,827.24,852.63,852.8966666666665
2025-08-01,Porto Alegre,RS,Sul,856.57,0.4585649614148757,3.116723648095543,False,852.66,830.68,856.68,851.3616666666667
2025-09-01,Porto Alegre,RS,Sul,870.83,1.6647792941616002,5.688382931210256,False,856.57,823.96,860.02,856.0483333333333
2025-10-01,Porto Alegre,RS,Sul,859.12,-1.3446941423699288,4.123136589504295,False,870.83,825.1,862.1733333333333,857.4016666666666
2025-11-01,Porto Alegre,RS,Sul,861.79,0.3107831269205663,2.3054002397996154,False,859.12,842.37,863.9133333333333,860.2966666666666
2025-12-01,Porto Alegre,RS,Sul,847.21,-1.6918274753710216,1.0785401529522787,False,861.79,838.17,856.04,858.0300000000001
2026-01-01,Porto Alegre,RS,Sul,891.68,5.248993755975495,3.0057990435043758,False,847.21,865.66,866.8933333333334,864.5333333333334
2026-02-01,Porto Alegre,RS,Sul,886.78,-0.5495244930916909,2.4255584559587984,False,891.68,865.78,875.2233333333334,869.5683333333333
2026-03-01,Porto Alegre,RS,Sul,865.3,-2.422246780486703,2.6806374672188493,False,886.78,842.71,881.2533333333334,868.6466666666666
2020-01-01,Porto Velho,RO,Norte,582.67,,,False,,,582.67,582.67
2020-02-01,Porto Velho,RO,Norte,589.46,1.1653251411605225,,False,582.67,,586.065,586.065
2020-03-01,Porto Velho,RO,Norte,570.89,-3.1503409900587087,,False,589.46,,581.0066666666667,581.0066666666667
2020-04-01,Porto Velho,RO,Norte,585.67,2.5889400760216397,,False,570.89,,582.0066666666667,582.1725
2020-05-01,Porto Velho,RO,Norte,582.87,-0.47808492837262406,,False,585.67,,579.81,582.312
2020-06-01,Porto Velho,RO,Norte,585.1,0.3825895997392248,,False,582.87,,584.5466666666666,582.7766666666666
2020-07-01,Porto Velho,RO,Norte,589.34,0.7246624508631117,,False,585.1,,585.77,583.8883333333333
2020-08-01,Porto Velho,RO,Norte,640.36,8.657141887535214,,False,589.34,,604.9333333333334,592.3716666666667
2020-09-01,Porto Velho,RO,Norte,624.82,-2.426759947529511,,False,640.36,,618.1733333333334,601.36
2020-10-01,Porto Velho,RO,Norte,641.64,2.691975288883186,,False,624.82,,635.6066666666667,610.6883333333334
2020-11-01,Porto Velho,RO,Norte,640.63,-0.15740913908109944,,False,641.64,,635.6966666666666,620.315
2020-12-01,Porto Velho,RO,Norte,640.56,-0.010926743986394705,,False,640.63,,640.9433333333333,629.5583333333334
2021-01-01,Porto Velho,RO,Norte,612.64,-4.358686149619073,5.143563251926486,False,640.56,582.67,631.2766666666666,633.4416666666667
2021-02-01,Porto Velho,RO,Norte,631.64,3.1013319404544326,7.155701828792438,False,612.64,589.46,628.28,631.9883333333333
2021-03-01,Porto Velho,RO,Norte,612.6,-3.014375277056547,7.306136033211308,False,631.64,570.89,618.96,629.9516666666666
2021-04-01,Porto Velho,RO,Norte,596.1,-2.693437806072474,1.7808663581880602,False,612.6,585.67,613.4466666666667,622.3616666666667
2021-05-01,Porto Velho,RO,Norte,607.55,1.9208186545881523,4.2342203235712805,False,596.1,582.87,605.4166666666666,616.8483333333332
2021-06-01,Porto Velho,RO,Norte,625.7,2.987408443749495,6.9389847889249845,False,607.55,585.1,609.7833333333334,614.3716666666666
2021-07-01,Porto Velho,RO,Norte,624.27,-0.2285440306856401,5.926969151932671,False,625.7,589.34,619.1733333333333,616.31
2021-08-01,Porto Velho,RO,Norte,619.72,-0.7288512983164241,-3.223186957336499,False,624.27,640.36,623.23,614.3233333333334
2021-09-01,Porto Velho,RO,Norte,616.44,-0.529271283805588,-1.3411862616433567,False,619.72,624.82,620.1433333333333,614.9633333333334
2021-10-01,Porto Velho,RO,Norte,629.59,2.1332165336447995,-1.8780001246805011,False,616.44,641.64,621.9166666666666,620.5450000000001
2021-11-01,Porto Velho,RO,Norte,629.55,-0.006353341063247697,-1.7295474767026309,False,629.59,640.63,625.1933333333333,624.2116666666667
2021-12-01,Porto Velho,RO,Norte,635.97,1.0197760304979875,-0.7165605095541316,False,629.55,640.56,631.7033333333334,625.9233333333333
2022-01-01,Porto Velho,RO,Norte,648.93,2.037831973206261,5.923544006267956,False,635.97,612.64,638.15,630.0333333333334
2022-02-01,Porto Velho,RO,Norte,654.72,0.8922379917710721,3.6539801152555285,False,648.93,631.64,646.5400000000001,635.8666666666667
2022-03-01,Porto Velho,RO,Norte,631.81,-3.4992057673509436,3.135814560888006,False,654.72,612.6,645.1533333333333,638.4283333333333
2022-04-01,Porto Velho,RO,Norte,639.49,1.2155553093493365,7.278980036906546,False,631.81,596.1,642.0066666666667,640.0783333333333
2022-05-01,Porto Velho,RO,Norte,632.95,-1.022689956058731,4.180725866183876,False,639.49,607.55,634.75,640.645
2022-06-01,Porto Velho,RO,Norte,660.05,4.281538826131581,5.489851366469534,False,632.95,625.7,644.1633333333333,644.6583333333333
2022-07-01,Porto Velho,RO,Norte,640.41,-2.975532156654792,2.585419770291697,False,660.05,624.27,644.4699999999999,643.2383333333333
2022-08-01,Porto Velho,RO,Norte,662.29,3.416561265439322,6.869231265732911,False,640.41,619.72,654.25,644.5
2022-09-01,Porto Velho,RO,Norte,652.48,-1.4812242371166628,5.84647329829342,False,662.29,616.44,651.7266666666666,647.9449999999999
2022-10-01,Porto Velho,RO,Norte,648.19,-0.6574914173614443,2.9543035944027185,False,652.48,629.59,654.32,649.395
2022-11-01,Porto Velho,RO,Norte,652.04,0.5939616470479248,3.572392979112071,False,648.19,629.55,650.9033333333333,652.5766666666667
2022-12-01,Porto Velho,RO,Norte,655.87,0.5873872768541899,3.129078415648534,False,652.04,635.97,652.0333333333334,651.88
2023-01-01,Porto Velho,RO,Norte,677.57,3.3085824934819374,4.413419012836539,False,655.87,648.93,661.8266666666667,658.0733333333334
2023-02-01,Porto Velho,RO,Norte,680.95,0.4988414481160719,4.006292766373409,False,677.57,654.72,671.4633333333333,661.1833333333334
2023-03-01,Porto Velho,RO,Norte,661.46,-2.8621778397826536,4.6928665263291425,False,680.95,631.81,673.3266666666667,662.6800000000001
2023-04-01,Porto Velho,RO,Norte,658.38,-0.46563662201796197,2.953916402132939,False,661.46,639.49,666.93,664.3783333333334
2023-05-01,Porto Velho,RO,Norte,678.25,3.0180139129378114,7.156963425231044,False,658.38,632.95,666.0300000000001,668.7466666666668
2023-06-01,Porto Velho,RO,Norte,687.58,1.375598967932179,4.170896144231517,False,678.25,660.05,674.7366666666667,674.0316666666668
2023-07-01,Porto Velho,RO,Norte,679.83,-1.1271415689810604,6.15543167658219,False,687.58,640.41,681.8866666666667,674.4083333333334
2023-08-01,Porto Velho,RO,Norte,679.25,-0.0853154465086936,2.560811729000889,False,679.83,662.29,682.22,674.125
2023-09-01,Porto Velho,RO,Norte,682.51,0.4799411115200547,4.602439921530155,False,679.25,652.48,680.53,677.6333333333333
2023-10-01,Porto Velho,RO,Norte,689.08,0.9626232582672811,6.308335518906483,False,682.51,648.19,683.6133333333333,682.75
2023-11-01,Porto Velho,RO,Norte,678.62,-1.5179659836303538,4.076437028403168,False,689.08,652.04,683.4033333333333,682.8116666666666
2023-12-01,Porto Velho,RO,Norte,687.38,1.2908549703810612,4.804305731318714,False,678.62,655.87,685.0266666666666,682.7783333333333
2024-01-01,Porto Velho,RO,Norte,692.58,0.7564956792458277,2.2152692710716293,False,687.38,677.57,686.1933333333333,684.9033333333333
2024-02-01,Porto Velho,RO,Norte,711.84,2.7809061769037413,4.5363095675159615,False,692.58,680.95,697.2666666666668,690.335
2024-03-01,Porto Velho,RO,Norte,702.6,-1.2980445043830113,6.219574879811329,False,711.84,661.46,702.34,693.6833333333334
2024-04-01,Porto Velho,RO,Norte,685.73,-2.4010816965556514,4.154135909353274,False,702.6,658.38,700.0566666666667,693.125
2024-05-01,Porto Velho,RO,Norte,704.84,2.786811135578149,3.9203833394765963,False,685.73,678.25,697.7233333333334,697.495
2024-06-01,Porto Velho,RO,Norte,695.68,-1.2995857215822193,1.1780447366124491,False,704.84,687.58,695.4166666666666,698.8783333333334
2024-07-01,Porto Velho,RO,Norte,696.48,0.11499540018400367,2.4491416971889945,False,695.68,679.83,699.0,699.5283333333333
2024-08-01,Porto Velho,RO,Norte,712.72,2.331725246956129,4.9274935590725155,False,696.48,679.25,701.6266666666667,699.6750000000001
2024-09-01,Porto Velho,RO,Norte,722.03,1.3062633292176384,5.790391349577284,False,712.72,682.51,710.41,702.9133333333333
2024-10-01,Porto Velho,RO,Norte,729.87,1.0858274586928562,5.919486852034583,False,722.03,689.08,721.54,710.27
2024-11-01,Porto Velho,RO,Norte,715.48,-1.9715839807088908,5.4316112109870085,False,729.87,678.62,722.46,712.0433333333334
2024-12-01,Porto Velho,RO,Norte,730.54,2.1048806395706388,6.278914137740399,False,715.48,687.38,725.2966666666666,717.8533333333334
2025-01-01,Porto Velho,RO,Norte,738.87,1.140252416021026,6.68370440959889,False,730.54,692.58,728.2966666666667,724.9183333333334
2025-02-01,Porto Velho,RO,Norte,740.64,0.23955499614276565,4.045853000674304,False,738.87,711.84,736.6833333333334,729.5716666666666
2025-03-01,Porto Velho,RO,Norte,737.33,-0.4469107798660499,4.9430686023342,False,740.64,702.6,738.9466666666667,732.1216666666666
2025-04-01,Porto Velho,RO,Norte,727.29,-1.3616698086338697,6.060694442419012,False,737.33,685.73,735.0866666666667,731.6916666666666
2025-05-01,Porto Velho,RO,Norte,712.57,-2.023951931141621,1.096702797798077,False,727.29,704.84,725.73,731.2066666666666
2025-06-01,Porto Velho,RO,Norte,751.23,5.425431887393506,7.9849931002760055,False,712.57,695.68,730.3633333333333,734.6550000000001
2025-07-01,Porto Velho,RO,Norte,753.64,0.3208072095097325,8.206983689409597,False,751.23,696.48,739.1466666666666,737.1166666666668
2025-08-01,Porto Velho,RO,Norte,740.77,-1.707711904888276,3.9356268941519668,False,753.64,712.72,748.5466666666666,737.1383333333333
2025-09-01,Porto Velho,RO,Norte,752.18,1.540289158578223,4.175726770355803,False,740.77,722.03,748.8633333333332,739.6133333333333
2025-10-01,Porto Velho,RO,Norte,756.19,0.533117073041045,3.606121638099946,False,752.18,729.87,749.7133333333333,744.43
2025-11-01,Porto Velho,RO,Norte,757.56,0.18117139872253496,5.8813663554536655,False,756.19,715.48,755.31,751.9283333333333
2025-12-01,Porto Velho,RO,Norte,754.3,-0.4303289508421737,3.252388644016757,False,757.56,730.54,756.0166666666668,752.4399999999999
2026-01-01,Porto Velho,RO,Norte,771.84,2.3253347474479824,4.462219334930362,False,754.3,738.87,761.2333333333332,755.4733333333334
2026-02-01,Porto Velho,RO,Norte,780.37,1.105151326699838,5.364279542017725,False,771.84,740.64,768.8366666666667,762.0733333333333
2026-03-01,Porto Velho,RO,Norte,778.0,-0.3037020900342191,5.515847720830558,False,780.37,737.33,776.7366666666667,766.3766666666667
2020-01-01,Recife,PE,Nordeste,567.35,,,False,,,567.35,567.35
2020-02-01,Recife,PE,Nordeste,566.23,-0.19740900678593132,,False,567.35,,566.79,566.79
2020-03-01,Recife,PE,Nordeste,556.6,-1.7007223213181932,,False,566.23,,563.3933333333333,563.3933333333333
2020-04-01,Recife,PE,Nordeste,558.42,0.3269852676967222,,False,556.6,,560.4166666666666,562.15
2020-05-01,Recife,PE,Nordeste,568.18,1.747788402994166,,False,558.42,,561.0666666666666,563.356
2020-06-01,Recife,PE,Nordeste,561.6,-1.1580837058678406,,False,568.18,,562.7333333333332,563.0633333333334
2020-07-01,Recife,PE,Nordeste,572.45,1.9319800569800538,,False,561.6,,567.41,563.9133333333333
2020-08-01,Recife,PE,Nordeste,623.56,8.928290680408747,,False,572.45,,585.87,573.4683333333334
2020-09-01,Recife,PE,Nordeste,628.11,0.7296811854512919,,False,623.56,,608.0400000000001,585.3866666666667
2020-10-01,Recife,PE,Nordeste,626.41,-0.27065322952987136,,False,628.11,,626.0266666666666,596.7183333333334
2020-11-01,Recife,PE,Nordeste,624.51,-0.3033157197362746,,False,626.41,,626.3433333333334,606.1066666666667
2020-12-01,Recife,PE,Nordeste,623.29,-0.1953531568749889,,False,624.51,,624.7366666666667,616.3883333333333
2021-01-01,Recife,PE,Nordeste,597.93,-4.068732050891244,5.389970917423104,False,623.29,567.35,615.2433333333333,620.635
2021-02-01,Recife,PE,Nordeste,591.0,-1.158998544980172,4.374547445384391,False,597.93,566.23,604.0733333333333,615.2083333333334
2021-03-01,Recife,PE,Nordeste,566.76,-4.101522842639593,1.8253683075817317,False,591.0,556.6,585.2299999999999,604.9833333333332
2021-04-01,Recife,PE,Nordeste,587.04,3.578234173195005,5.125174599763627,False,566.76,558.42,581.6,598.4216666666666
2021-05-01,Recife,PE,Nordeste,593.07,1.0271872444808094,4.380654018092867,False,587.04,568.18,582.29,593.1816666666666
2021-06-01,Recife,PE,Nordeste,578.18,-2.5106648456337477,2.9522792022791844,False,593.07,561.6,586.0966666666667,585.6633333333333
2021-07-01,Recife,PE,Nordeste,591.35,2.2778373516898043,3.30159839287274,False,578.18,572.45,587.5333333333333,584.5666666666667
2021-08-01,Recife,PE,Nordeste,606.73,2.6008286124968194,-2.6990185387131826,False,591.35,623.56,592.0866666666666,587.1883333333334
2021-09-01,Recife,PE,Nordeste,620.59,2.2843769057076413,-1.1972425212144366,False,606.73,628.11,606.2233333333334,596.16
2021-10-01,Recife,PE,Nordeste,606.66,-2.244638166905699,-3.1528870867323366,False,620.59,626.41,611.3266666666667,599.43
2021-11-01,Recife,PE,Nordeste,603.05,-0.5950614841921387,-3.436294054538769,False,606.66,624.51,610.1,601.0933333333334
2021-12-01,Recife,PE,Nordeste,609.79,1.1176519359920478,-2.1659259734634007,False,603.05,623.29,606.5,606.3616666666667
2022-01-01,Recife,PE,Nordeste,636.92,4.44907263156169,6.520830197514771,False,609.79,597.93,616.5866666666667,613.9566666666666
2022-02-01,Recife,PE,Nordeste,623.21,-2.152546630660035,5.450084602368865,False,636.92,591.0,623.3066666666667,616.7033333333333
2022-03-01,Recife,PE,Nordeste,612.07,-1.787519455721187,7.994565600959858,False,623.21,566.76,624.0666666666667,615.2833333333334
2022-04-01,Recife,PE,Nordeste,607.71,-0.7123368242194505,3.5210547833197214,False,612.07,587.04,614.33,615.4583333333334
2022-05-01,Recife,PE,Nordeste,606.35,-0.22379095292162088,2.2391960476840778,False,607.71,593.07,608.71,616.0083333333333
2022-06-01,Recife,PE,Nordeste,626.74,3.3627442896017046,8.398768549586656,False,606.35,578.18,613.6,618.8333333333334
2022-07-01,Recife,PE,Nordeste,641.21,2.3087723777004854,8.431554916715989,False,626.74,591.35,624.7666666666668,619.5483333333333
2022-08-01,Recife,PE,Nordeste,633.26,-1.2398434210321163,4.372620440723218,False,641.21,606.73,633.7366666666667,621.2233333333334
2022-09-01,Recife,PE,Nordeste,631.13,-0.3363547358115171,1.6983837960650394,False,633.26,620.59,635.1999999999999,624.4
2022-10-01,Recife,PE,Nordeste,633.29,0.3422432779300655,4.389608677018431,False,631.13,606.66,632.56,628.6633333333333
2022-11-01,Recife,PE,Nordeste,625.61,-1.2127145541536932,3.7409833347151977,False,633.29,603.05,630.01,631.8733333333333
2022-12-01,Recife,PE,Nordeste,647.68,3.527756909256552,6.213614523032507,False,625.61,609.79,635.5266666666666,635.3633333333333
2023-01-01,Recife,PE,Nordeste,655.36,1.1857707509881577,2.8951830685172375,False,647.68,636.92,642.8833333333333,637.7216666666667
2023-02-01,Recife,PE,Nordeste,657.11,0.26702880859375,5.439578954124613,False,655.36,623.21,653.3833333333333,641.6966666666666
2023-03-01,Recife,PE,Nordeste,673.71,2.5262132671850956,10.07074354240527,False,657.11,612.07,662.0600000000001,648.7933333333333
2023-04-01,Recife,PE,Nordeste,643.34,-4.507874307936655,5.862993862204013,False,673.71,607.71,658.0533333333334,650.4683333333334
2023-05-01,Recife,PE,Nordeste,637.44,-0.9170889420834993,5.127401665704623,False,643.34,606.35,651.4966666666668,652.4399999999999
2023-06-01,Recife,PE,Nordeste,652.4,2.3468875502007824,4.0942017423492905,False,637.44,626.74,644.3933333333334,653.2266666666667
2023-07-01,Recife,PE,Nordeste,667.57,2.3252605763335543,4.110977682818429,False,652.4,641.21,652.47,655.2616666666667
2023-08-01,Recife,PE,Nordeste,661.87,-0.8538430426771826,4.5178915453368385,False,667.57,633.26,660.6133333333333,656.0550000000001
2023-09-01,Recife,PE,Nordeste,652.05,-1.4836750419266687,3.3146895251374486,False,661.87,631.13,660.4966666666666,652.445
2023-10-01,Recife,PE,Nordeste,673.5,3.289625028755472,6.349381799807352,False,652.05,633.29,662.4733333333334,657.4716666666667
2023-11-01,Recife,PE,Nordeste,663.41,-1.498144023756498,6.042102907562219,False,673.5,625.61,662.9866666666667,661.8000000000001
2023-12-01,Recife,PE,Nordeste,686.36,3.45939916492064,5.972084980237158,False,663.41,647.68,674.4233333333333,667.4599999999999
2024-01-01,Recife,PE,Nordeste,696.13,1.423451250072838,6.22100830078125,False,686.36,655.36,681.9666666666666,672.2199999999999
2024-02-01,Recife,PE,Nordeste,686.6,-1.3689971700688086,4.487833087306536,False,696.13,657.11,689.6966666666667,676.3416666666666
2024-03-01,Recife,PE,Nordeste,689.55,0.42965336440430324,2.3511599946564488,False,686.6,673.71,690.7599999999999,682.5916666666667
2024-04-01,Recife,PE,Nordeste,672.27,-2.5059821622797407,4.496844592284011,False,689.55,643.34,682.8066666666667,682.3866666666667
2024-05-01,Recife,PE,Nordeste,681.18,1.3253603462894281,6.861822289156616,False,672.27,637.44,681.0,685.3483333333334
2024-06-01,Recife,PE,Nordeste,691.19,1.4695087935641338,5.945738810545698,False,681.18,652.4,681.5466666666666,686.1533333333333
2024-07-01,Recife,PE,Nordeste,683.23,-1.1516370317857683,2.3458214119867593,False,691.19,667.57,685.1999999999999,684.0033333333334
2024-08-01,Recife,PE,Nordeste,687.56,0.6337543726124384,3.8814268663030393,False,683.23,661.87,687.3266666666667,684.1633333333333
2024-09-01,Recife,PE,Nordeste,703.66,2.3416138227936534,7.915037190399521,False,687.56,652.05,691.4833333333332,686.515
2024-10-01,Recife,PE,Nordeste,695.46,-1.1653355313645752,3.2605790645879873,False,703.66,673.5,695.56,690.38
2024-11-01,Recife,PE,Nordeste,697.65,0.3148994909843772,5.161212523175718,False,695.46,663.41,698.9233333333333,693.125
2024-12-01,Recife,PE,Nordeste,695.98,-0.23937504479323302,1.4015968296520853,False,697.65,686.36,696.3633333333333,693.9233333333333
2025-01-01,Recife,PE,Nordeste,723.89,4.010172706112236,3.987760906727189,False,695.98,696.13,705.84,700.6999999999999
2025-02-01,Recife,PE,Nordeste,739.83,2.2019920153614647,7.752694436353047,False,723.89,686.6,719.9,709.4116666666667
2025-03-01,Recife,PE,Nordeste,703.38,-4.926807509833342,2.00565586251904,False,739.83,689.55,722.3666666666667,709.3650000000001
2025-04-01,Recife,PE,Nordeste,704.18,0.11373652932979983,4.746604786767228,False,703.38,672.27,715.7966666666667,710.8183333333333
2025-05-01,Recife,PE,Nordeste,718.59,2.0463517850549673,5.491940456267086,False,704.18,681.18,708.7166666666667,714.3083333333334
2025-06-01,Recife,PE,Nordeste,720.78,0.3047634951780509,4.2810225842387695,False,718.59,691.19,714.5166666666665,718.4416666666666
2025-07-01,Recife,PE,Nordeste,728.42,1.0599628180582021,6.614170923407925,False,720.78,683.23,722.5966666666667,719.1966666666667
2025-08-01,Recife,PE,Nordeste,719.66,-1.2026028939348121,4.668683460352563,False,728.42,687.56,722.9533333333333,715.835
2025-09-01,Recife,PE,Nordeste,735.04,2.1371203068115463,4.459540118807381,False,719.66,703.66,727.7066666666666,721.1116666666667
2025-10-01,Recife,PE,Nordeste,733.52,-0.20679146713104002,5.472636815920384,False,735.04,695.46,729.4066666666666,726.0016666666666
2025-11-01,Recife,PE,Nordeste,746.39,1.7545533864107288,6.986311187558236,False,733.52,697.65,738.3166666666666,730.6349999999999
2025-12-01,Recife,PE,Nordeste,751.47,0.6806093329224661,7.972930256616562,False,746.39,695.98,743.7933333333334,735.75
2026-01-01,Recife,PE,Nordeste,781.15,3.9495921327531214,7.910041580903182,False,751.47,723.89,759.6700000000001,744.5383333333333
2026-02-01,Recife,PE,Nordeste,768.52,-1.6168469564104226,3.8779179000581143,False,781.15,739.83,767.0466666666666,752.6816666666667
2026-03-01,Recife,PE,Nordeste,755.0,-1.7592255243845334,7.338849555005833,False,768.52,703.38,768.2233333333334,756.0083333333333
2020-01-01,Rio Branco,AC,Norte,583.72,,,False,,,583.72,583.72
2020-02-01,Rio Branco,AC,Norte,595.85,2.0780511204001817,,False,583.72,,589.7850000000001,589.7850000000001
2020-03-01,Rio Branco,AC,Norte,560.3,-5.966266677855181,,False,595.85,,579.9566666666666,579.9566666666666
2020-04-01,Rio Branco,AC,Norte,573.7,2.391575941459956,,False,560.3,,576.6166666666667,578.3925
2020-05-01,Rio Branco,AC,Norte,564.91,-1.5321596653303238,,False,573.7,,566.3033333333334,575.696
2020-06-01,Rio Branco,AC,Norte,587.82,4.055513267600164,,False,564.91,,575.4766666666668,577.7166666666667
2020-07-01,Rio Branco,AC,Norte,590.64,0.4797386955190275,,False,587.82,,581.1233333333333,578.87
2020-08-01,Rio Branco,AC,Norte,636.55,7.772924285520788,,False,590.64,,605.0033333333333,585.6533333333333
2020-09-01,Rio Branco,AC,Norte,646.29,1.5301233210274212,,False,636.55,,624.4933333333333,599.985
2020-10-01,Rio Branco,AC,Norte,632.47,-2.1383589410326587,,False,646.29,,638.4366666666666,609.78
2020-11-01,Rio Branco,AC,Norte,653.92,3.391465207835931,,False,632.47,,644.2266666666666,624.615
2020-12-01,Rio Branco,AC,Norte,642.01,-1.8213237093222312,,False,653.92,,642.8000000000001,633.6466666666666
2021-01-01,Rio Branco,AC,Norte,601.74,-6.2724879674771366,3.0870965531419214,False,642.01,583.72,632.5566666666667,635.4966666666667
2021-02-01,Rio Branco,AC,Norte,614.51,2.1221790141921826,3.1316606528488666,False,601.74,595.85,619.42,631.8233333333334
2021-03-01,Rio Branco,AC,Norte,590.29,-3.941351646026925,5.352489737640553,False,614.51,560.3,602.18,622.4899999999999
2021-04-01,Rio Branco,AC,Norte,602.42,2.054922156905925,5.006100749520637,False,590.29,573.7,602.4066666666666,617.4816666666667
2021-05-01,Rio Branco,AC,Norte,600.75,-0.27721523189800923,6.344373440016993,False,602.42,564.91,597.82,608.62
2021-06-01,Rio Branco,AC,Norte,624.37,3.9317519766957965,6.217889830220136,False,600.75,587.82,609.18,605.68
2021-07-01,Rio Branco,AC,Norte,622.19,-0.34915194516071946,5.34166328050929,False,624.37,590.64,615.77,609.0883333333333
2021-08-01,Rio Branco,AC,Norte,608.37,-2.2211864542985293,-4.426989238865753,False,622.19,636.55,618.3100000000001,608.065
2021-09-01,Rio Branco,AC,Norte,615.32,1.1423968966254083,-4.791966454687513,False,608.37,646.29,615.2933333333334,612.2366666666667
2021-10-01,Rio Branco,AC,Norte,628.73,2.1793538321523753,-0.5913323952124183,False,615.32,632.47,617.4733333333334,616.6216666666667
2021-11-01,Rio Branco,AC,Norte,633.88,0.8191115423154649,-3.0645950574993863,False,628.73,653.92,625.9766666666667,622.1433333333333
2021-12-01,Rio Branco,AC,Norte,639.43,0.8755600429103172,-0.4018628993317952,False,633.88,642.01,634.0133333333333,624.6533333333333
2022-01-01,Rio Branco,AC,Norte,654.58,2.369297655724645,8.781201183235288,False,639.43,601.74,642.63,630.0516666666667
2022-02-01,Rio Branco,AC,Norte,646.77,-1.193131473616682,5.249711151974745,False,654.58,614.51,646.9266666666666,636.4516666666667
2022-03-01,Rio Branco,AC,Norte,640.27,-1.0049940473429553,8.467024682783041,False,646.77,590.29,647.2066666666666,640.61
2022-04-01,Rio Branco,AC,Norte,640.76,0.07653021381603953,6.364330533514839,False,640.27,602.42,642.6,642.615
2022-05-01,Rio Branco,AC,Norte,630.51,-1.599662900305887,4.9538077403245895,False,640.76,600.75,637.18,642.0533333333333
2022-06-01,Rio Branco,AC,Norte,648.22,2.80883729044743,3.8198504092124885,False,630.51,624.37,639.83,643.5183333333333
2022-07-01,Rio Branco,AC,Norte,645.2,-0.4658912097744605,3.6982272296243845,False,648.22,622.19,641.3100000000001,641.9549999999999
2022-08-01,Rio Branco,AC,Norte,646.04,0.13019218846868075,6.191955553363893,False,645.2,608.37,646.4866666666667,641.8333333333334
2022-09-01,Rio Branco,AC,Norte,653.48,1.151631477927073,6.2016511733731905,False,646.04,615.32,648.24,644.035
2022-10-01,Rio Branco,AC,Norte,650.25,-0.4942767950052107,3.422772891384218,False,653.48,628.73,649.9233333333333,645.6166666666667
2022-11-01,Rio Branco,AC,Norte,657.38,1.0965013456363026,3.707326307818515,False,650.25,633.88,653.7033333333334,650.0949999999999
2022-12-01,Rio Branco,AC,Norte,652.82,-0.6936627217134617,2.0940525155216605,False,657.38,639.43,653.4833333333333,650.8616666666667
2023-01-01,Rio Branco,AC,Norte,675.55,3.481817346282279,3.203580922117988,False,652.82,654.58,661.9166666666666,655.9200000000001
2023-02-01,Rio Branco,AC,Norte,683.41,1.163496410332332,5.665074137637793,False,675.55,646.77,670.5933333333332,662.1483333333334
2023-03-01,Rio Branco,AC,Norte,664.5,-2.767006628524604,3.7843409811485706,False,683.41,640.27,674.4866666666667,663.985
2023-04-01,Rio Branco,AC,Norte,661.93,-0.3867569601203935,3.303889131656157,False,664.5,640.76,669.9466666666666,665.9316666666666
2023-05-01,Rio Branco,AC,Norte,665.66,0.5635036937440496,5.5748521038524235,False,661.93,630.51,664.0299999999999,667.3116666666666
2023-06-01,Rio Branco,AC,Norte,681.03,2.3089865697202727,5.061553176390721,False,665.66,648.22,669.54,672.0133333333333
2023-07-01,Rio Branco,AC,Norte,679.1,-0.28339427044329346,5.254184748915058,False,681.03,645.2,675.2633333333333,672.6049999999999
2023-08-01,Rio Branco,AC,Norte,691.62,1.8436165513179281,7.055290694074667,False,679.1,646.04,683.9166666666666,673.9733333333332
2023-09-01,Rio Branco,AC,Norte,668.91,-3.2835950377374856,2.361204627532576,False,691.62,653.48,679.8766666666667,674.7083333333334
2023-10-01,Rio Branco,AC,Norte,712.01,6.443318234142126,9.497885428681286,False,668.91,650.25,690.8466666666667,683.055
2023-11-01,Rio Branco,AC,Norte,684.34,-3.8861813738571005,4.101128723112968,False,712.01,657.38,688.4200000000001,686.1683333333334
2023-12-01,Rio Branco,AC,Norte,697.35,1.9011017915071537,6.821175821819181,False,684.34,652.82,697.9,688.8883333333333
2024-01-01,Rio Branco,AC,Norte,703.38,0.8647020864702037,4.119606246761909,False,697.35,675.55,695.0233333333334,692.935
2024-02-01,Rio Branco,AC,Norte,718.93,2.210753788848119,5.197465650195343,False,703.38,683.41,706.5533333333333,697.4866666666667
2024-03-01,Rio Branco,AC,Norte,704.84,-1.9598570097227763,6.0707298720842795,False,718.93,664.5,709.0500000000001,703.475
2024-04-01,Rio Branco,AC,Norte,689.7,-2.14800522104307,4.195307660930925,False,704.84,661.93,704.4899999999999,699.7566666666667
2024-05-01,Rio Branco,AC,Norte,706.32,2.4097433666811607,6.108223417360237,False,689.7,665.66,700.2866666666667,703.4200000000001
2024-06-01,Rio Branco,AC,Norte,709.93,0.5110997848000842,4.243572236171689,False,706.32,681.03,701.9833333333332,705.5166666666668
2024-07-01,Rio Branco,AC,Norte,718.52,1.2099784485794407,5.804741569724636,False,709.93,679.1,711.59,708.04
2024-08-01,Rio Branco,AC,Norte,709.71,-1.2261314925123834,2.6155981608397827,False,718.52,691.62,712.7199999999999,706.5033333333334
2024-09-01,Rio Branco,AC,Norte,719.72,1.4104352481999705,7.5959396630338905,False,709.71,668.91,715.9833333333335,708.9833333333332
2024-10-01,Rio Branco,AC,Norte,738.92,2.6677041071527796,3.779441299981734,False,719.72,712.01,722.7833333333334,717.1866666666666
2024-11-01,Rio Branco,AC,Norte,733.54,-0.7280896443457974,7.189408773416717,False,738.92,684.34,730.7266666666668,721.7233333333334
2024-12-01,Rio Branco,AC,Norte,731.25,-0.3121847479346629,4.861260486126051,False,733.54,697.35,734.57,725.2766666666666
2025-01-01,Rio Branco,AC,Norte,742.8,1.5794871794871712,5.604367482726258,False,731.25,703.38,735.8633333333333,729.3233333333334
2025-02-01,Rio Branco,AC,Norte,749.97,0.9652665589660936,4.3175274366071825,False,742.8,718.93,741.34,736.0333333333333
2025-03-01,Rio Branco,AC,Norte,739.3,-1.4227235756096968,4.889052834685881,False,749.97,704.84,744.0233333333332,739.2966666666666
2025-04-01,Rio Branco,AC,Norte,733.21,-0.8237521980251516,6.308539944903591,False,739.3,689.7,740.8266666666667,738.3449999999999
2025-05-01,Rio Branco,AC,Norte,723.63,-1.3065833799320803,2.45073054706082,False,733.21,706.32,732.0466666666666,736.6933333333333
2025-06-01,Rio Branco,AC,Norte,751.4,3.8375965617788,5.841420985167556,False,723.63,709.93,736.0799999999999,740.0516666666666
2025-07-01,Rio Branco,AC,Norte,740.03,-1.513175405908973,2.993653621332748,False,751.4,718.52,738.3533333333334,739.59
2025-08-01,Rio Branco,AC,Norte,764.45,3.299866221639669,7.713009539107518,False,740.03,709.71,751.96,742.0033333333332
2025-09-01,Rio Branco,AC,Norte,747.96,-2.1571064163777853,3.923748124270543,False,764.45,719.72,750.8133333333334,743.4466666666667
2025-10-01,Rio Branco,AC,Norte,759.19,1.5014171880849192,2.7431927678233325,False,747.96,738.92,757.2000000000002,747.7766666666666
2025-11-01,Rio Branco,AC,Norte,767.56,1.1024908125765398,4.637783897265324,False,759.19,733.54,758.2366666666667,755.0983333333334
2025-12-01,Rio Branco,AC,Norte,760.26,-0.9510657147323909,3.967179487179484,False,767.56,731.25,762.3366666666667,756.5750000000002
2026-01-01,Rio Branco,AC,Norte,783.02,2.9937126772419997,5.414647280560048,False,760.26,742.8,770.2800000000001,763.7400000000001
2026-02-01,Rio Branco,AC,Norte,794.53,1.4699496820004487,5.941570996173162,False,783.02,749.97,779.27,768.7533333333334
2026-03-01,Rio Branco,AC,Norte,775.0,-2.458056964494726,4.8288921953199,False,794.53,739.3,784.1833333333334,773.2600000000001
2020-01-01,Rio de Janeiro,RJ,Sudeste,644.81,,,False,,,644.81,644.81
2020-02-01,Rio de Janeiro,RJ,Sudeste,653.5,1.3476838138366531,,False,644.81,,649.155,649.155
2020-03-01,Rio de Janeiro,RJ,Sudeste,646.17,-1.121652639632753,,False,653.5,,648.16,648.16
2020-04-01,Rio de Janeiro,RJ,Sudeste,650.88,0.7289103486698645,,False,646.17,,650.1833333333333,648.8399999999999
2020-05-01,Rio de Janeiro,RJ,Sudeste,649.32,-0.23967551622418037,,False,650.88,,648.79,648.9359999999999
2020-06-01,Rio de Janeiro,RJ,Sudeste,655.5,0.9517649233043768,,False,649.32,,651.9,650.03
2020-07-01,Rio de Janeiro,RJ,Sudeste,667.06,1.7635392829900676,,False,655.5,,657.2933333333334,653.7383333333333
2020-08-01,Rio de Janeiro,RJ,Sudeste,720.26,7.975294576200054,,False,667.06,,680.9399999999999,664.865
2020-09-01,Rio de Janeiro,RJ,Sudeste,730.74,1.455030128009338,,False,720.26,,706.02,678.9599999999999
2020-10-01,Rio de Janeiro,RJ,Sudeste,720.9,-1.346580178996637,,False,730.74,,723.9666666666666,690.6300000000001
2020-11-01,Rio de Janeiro,RJ,Sudeste,727.44,0.9071993341656315,,False,720.9,,726.36,703.65
2020-12-01,Rio de Janeiro,RJ,Sudeste,730.49,0.41927856592982593,,False,727.44,,726.2766666666666,716.1483333333334
2021-01-01,Rio de Janeiro,RJ,Sudeste,684.54,-6.290298292926677,6.161504939439522,False,730.49,644.81,714.1566666666668,719.0616666666666
2021-02-01,Rio de Janeiro,RJ,Sudeste,702.01,2.55207876822392,7.423106350420805,False,684.54,653.5,705.68,716.02
2021-03-01,Rio de Janeiro,RJ,Sudeste,691.36,-1.5170724063759744,6.99351563829953,False,702.01,646.17,692.6366666666667,709.4566666666666
2021-04-01,Rio de Janeiro,RJ,Sudeste,682.28,-1.313353390418892,4.824237954768917,False,691.36,650.88,691.8833333333333,703.02
2021-05-01,Rio de Janeiro,RJ,Sudeste,683.69,0.20666002227824887,5.293229840448466,False,682.28,649.32,685.7766666666666,695.7283333333334
2021-06-01,Rio de Janeiro,RJ,Sudeste,688.08,0.6421038774883314,4.970251716247143,False,683.69,655.5,684.6833333333334,688.66
2021-07-01,Rio de Janeiro,RJ,Sudeste,699.44,1.6509708173468196,4.8541360597247785,False,688.08,667.06,690.4033333333333,691.1433333333334
2021-08-01,Rio de Janeiro,RJ,Sudeste,703.5,0.5804643714971913,-2.326937494793546,False,699.44,720.26,697.0066666666668,691.3916666666668
2021-09-01,Rio de Janeiro,RJ,Sudeste,703.26,-0.034115138592749616,-3.760571475490604,False,703.5,730.74,702.0666666666666,693.375
2021-10-01,Rio de Janeiro,RJ,Sudeste,711.85,1.2214543696499103,-1.2553752254126693,False,703.26,720.9,706.2033333333334,698.3033333333334
2021-11-01,Rio de Janeiro,RJ,Sudeste,719.85,1.1238322680339863,-1.0433850214450757,False,711.85,727.44,711.6533333333333,704.33
2021-12-01,Rio de Janeiro,RJ,Sudeste,735.2,2.132388692088627,0.6447726868266557,False,719.85,730.49,722.3000000000001,712.1833333333334
2022-01-01,Rio de Janeiro,RJ,Sudeste,739.49,0.5835146898802934,8.027288398048338,False,735.2,684.54,731.5133333333333,718.8583333333332
2022-02-01,Rio de Janeiro,RJ,Sudeste,743.76,0.5774249820822419,5.947208729220388,False,739.49,702.01,739.4833333333332,725.5683333333333
2022-03-01,Rio de Janeiro,RJ,Sudeste,730.1,-1.83661396149295,5.603448275862077,False,743.76,691.36,737.7833333333333,730.0416666666666
2022-04-01,Rio de Janeiro,RJ,Sudeste,707.9,-3.0406793589919268,3.7550565750131826,False,730.1,682.28,727.2533333333334,729.3833333333333
2022-05-01,Rio de Janeiro,RJ,Sudeste,726.56,2.635965531854767,6.270385701121839,False,707.9,683.69,721.52,730.5016666666667
2022-06-01,Rio de Janeiro,RJ,Sudeste,741.92,2.1140717903545436,7.824671549819784,False,726.56,688.08,725.46,731.6216666666666
2022-07-01,Rio de Janeiro,RJ,Sudeste,764.76,3.078499029544979,9.338899691181513,False,741.92,699.44,744.4133333333333,735.8333333333334
2022-08-01,Rio de Janeiro,RJ,Sudeste,747.15,-2.3026831947277615,6.204690831556503,False,764.76,703.5,751.2766666666666,736.3983333333332
2022-09-01,Rio de Janeiro,RJ,Sudeste,754.75,1.0171986883490636,7.321616471859627,False,747.15,703.26,755.5533333333333,740.5066666666667
2022-10-01,Rio de Janeiro,RJ,Sudeste,755.73,0.12984431931102325,6.164219990166475,False,754.75,711.85,752.5433333333334,748.4783333333334
2022-11-01,Rio de Janeiro,RJ,Sudeste,750.35,-0.7118944596615218,4.236993818156565,False,755.73,719.85,753.61,752.4433333333333
2022-12-01,Rio de Janeiro,RJ,Sudeste,772.54,2.9572865995868503,5.07889009793252,False,750.35,735.2,759.54,757.5466666666666
2023-01-01,Rio de Janeiro,RJ,Sudeste,788.48,2.063323581950449,6.624836035646187,False,772.54,739.49,770.4566666666666,761.5
2023-02-01,Rio de Janeiro,RJ,Sudeste,792.61,0.5237926136363535,6.567978917930528,False,788.48,743.76,784.5433333333334,769.0766666666667
2023-03-01,Rio de Janeiro,RJ,Sudeste,767.35,-3.18693935226656,5.102040816326525,False,792.61,730.1,782.8133333333334,771.1766666666667
2023-04-01,Rio de Janeiro,RJ,Sudeste,777.95,1.3813774679090507,9.895465461223353,False,767.35,707.9,779.3033333333334,774.88
2023-05-01,Rio de Janeiro,RJ,Sudeste,759.25,-2.4037534545922057,4.499284298612638,False,777.95,726.56,768.1833333333334,776.3633333333333
2023-06-01,Rio de Janeiro,RJ,Sudeste,790.7,4.142245637141917,6.574832866077207,False,759.25,741.92,775.9666666666667,779.39
2023-07-01,Rio de Janeiro,RJ,Sudeste,807.37,2.1082585051220404,5.571682619383855,False,790.7,764.76,785.7733333333332,782.5383333333334
2023-08-01,Rio de Janeiro,RJ,Sudeste,785.77,-2.67535330765325,5.168975440005363,False,807.37,747.15,794.6133333333333,781.3983333333334
2023-09-01,Rio de Janeiro,RJ,Sudeste,793.03,0.9239344846456277,5.071878105332894,False,785.77,754.75,795.39,785.6783333333333
2023-10-01,Rio de Janeiro,RJ,Sudeste,802.25,1.1626294087235145,6.155637595437513,False,793.03,755.73,793.6833333333334,789.7283333333334
2023-11-01,Rio de Janeiro,RJ,Sudeste,801.33,-0.11467746961669745,6.794162724062103,False,802.25,750.35,798.87,796.7416666666667
2023-12-01,Rio de Janeiro,RJ,Sudeste,796.88,-0.5553267692461339,3.1506459212468085,False,801.33,772.54,800.1533333333333,797.7716666666666
2024-01-01,Rio de Janeiro,RJ,Sudeste,830.05,4.162483686376861,5.272169237012969,False,796.88,788.48,809.4200000000001,801.5516666666667
2024-02-01,Rio de Janeiro,RJ,Sudeste,825.05,-0.6023733510029494,4.092807307503055,False,830.05,792.61,817.3266666666667,808.0983333333334
2024-03-01,Rio de Janeiro,RJ,Sudeste,824.97,-0.0096963820374385,7.508959405747051,False,825.05,767.35,826.6899999999999,813.4216666666666
2024-04-01,Rio de Janeiro,RJ,Sudeste,805.46,-2.36493448246603,3.5362169805257304,False,824.97,777.95,818.4933333333333,813.9566666666666
2024-05-01,Rio de Janeiro,RJ,Sudeste,829.18,2.944901050331472,9.210405004939082,False,805.46,759.25,819.87,818.5983333333334
2024-06-01,Rio de Janeiro,RJ,Sudeste,826.99,-0.2641163559178872,4.589604148223092,False,829.18,790.7,820.5433333333334,823.6166666666667
2024-07-01,Rio de Janeiro,RJ,Sudeste,834.74,0.937133459896744,3.3900194458550637,False,826.99,807.37,830.3033333333333,824.3983333333332
2024-08-01,Rio de Janeiro,RJ,Sudeste,847.91,1.5777367803148312,7.908166511829151,False,834.74,785.77,836.5466666666667,828.2083333333334
2024-09-01,Rio de Janeiro,RJ,Sudeste,835.66,-1.44472880376455,5.375584782416798,False,847.91,793.03,839.4366666666666,829.9900000000001
2024-10-01,Rio de Janeiro,RJ,Sudeste,851.45,1.8895244477419082,6.132751636023692,False,835.66,802.25,845.0066666666667,837.6550000000001
2024-11-01,Rio de Janeiro,RJ,Sudeste,864.23,1.5009689353455924,7.849450288894699,False,851.45,801.33,850.4466666666667,843.4966666666666
2024-12-01,Rio de Janeiro,RJ,Sudeste,845.08,-2.215845318954446,6.048589499046275,False,864.23,796.88,853.5866666666667,846.5116666666667
2025-01-01,Rio de Janeiro,RJ,Sudeste,880.84,4.231552042410192,6.118908499487996,False,845.08,830.05,863.3833333333333,854.195
2025-02-01,Rio de Janeiro,RJ,Sudeste,885.73,0.5551519004586503,7.354705775407555,False,880.84,825.05,870.5500000000001,860.4983333333334
2025-03-01,Rio de Janeiro,RJ,Sudeste,876.8,-1.008207918891768,6.2826527025225065,False,885.73,824.97,881.1233333333333,867.355
2025-04-01,Rio de Janeiro,RJ,Sudeste,851.78,-2.8535583941605824,5.750751123581543,False,876.8,805.46,871.4366666666666,867.41
2025-05-01,Rio de Janeiro,RJ,Sudeste,850.56,-0.14322947239897577,2.578450999782911,False,851.78,829.18,859.7133333333333,865.1316666666667
2025-06-01,Rio de Janeiro,RJ,Sudeste,877.67,3.187311888638078,6.12824822549245,False,850.56,826.99,860.0033333333334,870.5633333333332
2025-07-01,Rio de Janeiro,RJ,Sudeste,875.22,-0.27914819920926703,4.849414188849233,False,877.67,834.74,867.8166666666666,869.6266666666667
2025-08-01,Rio de Janeiro,RJ,Sudeste,874.15,-0.12225497589177792,3.094668066186279,False,875.22,847.91,875.68,867.6966666666666
2025-09-01,Rio de Janeiro,RJ,Sudeste,874.16,0.0011439684264757943,4.607136873848217,False,874.15,835.66,874.5099999999999,867.2566666666665
2025-10-01,Rio de Janeiro,RJ,Sudeste,865.46,-0.9952411457856636,1.645428386869452,False,874.16,851.45,871.2566666666667,869.5366666666665
2025-11-01,Rio de Janeiro,RJ,Sudeste,871.73,0.724470223927165,0.867824537449513,False,865.46,864.23,870.4499999999999,873.065
2025-12-01,Rio de Janeiro,RJ,Sudeste,871.38,-0.04015004645934184,3.1121313958441643,False,871.73,845.08,869.5233333333334,872.0166666666668
2026-01-01,Rio de Janeiro,RJ,Sudeste,880.25,1.0179255892951433,-0.06698151764225058,False,871.38,880.84,874.4533333333334,872.855
2026-02-01,Rio de Janeiro,RJ,Sudeste,898.9,2.118716273785859,1.4869091032255755,False,880.25,885.73,883.5099999999999,876.98
2026-03-01,Rio de Janeiro,RJ,Sudeste,870.12,-3.201690955612413,-0.7618613138686059,False,898.9,876.8,883.09,876.3066666666665
2020-01-01,Salvador,BA,Nordeste,590.99,,,False,,,590.99,590.99
2020-02-01,Salvador,BA,Nordeste,601.54,1.7851401884972695,,False,590.99,,596.265,596.265
2020-03-01,Salvador,BA,Nordeste,586.45,-2.5085613591780964,,False,601.54,,592.9933333333333,592.9933333333333
2020-04-01,Salvador,BA,Nordeste,576.81,-1.6437888993094174,,False,586.45,,588.2666666666667,588.9475
2020-05-01,Salvador,BA,Nordeste,584.19,1.2794507723514092,,False,576.81,,582.4833333333333,587.996
2020-06-01,Salvador,BA,Nordeste,579.88,-0.7377736695253323,,False,584.19,,580.2933333333334,586.6433333333333
2020-07-01,Salvador,BA,Nordeste,586.44,1.1312685383182863,,False,579.88,,583.5033333333334,585.885
2020-08-01,Salvador,BA,Nordeste,636.81,8.58911397585429,,False,586.44,,601.0433333333334,591.7633333333334
2020-09-01,Salvador,BA,Nordeste,650.8,2.196887611689524,,False,636.81,,624.6833333333333,602.4883333333333
2020-10-01,Salvador,BA,Nordeste,666.82,2.461585740626937,,False,650.8,,651.4766666666666,617.49
2020-11-01,Salvador,BA,Nordeste,674.13,1.0962478629914951,,False,666.82,,663.9166666666666,632.48
2020-12-01,Salvador,BA,Nordeste,664.72,-1.395873199531239,,False,674.13,,668.5566666666667,646.62
2021-01-01,Salvador,BA,Nordeste,630.15,-5.200686003129141,6.62616964754057,False,664.72,590.99,656.3333333333334,653.905
2021-02-01,Salvador,BA,Nordeste,614.92,-2.4168848686820676,2.2242909864680582,False,630.15,601.54,636.5966666666667,650.2566666666667
2021-03-01,Salvador,BA,Nordeste,615.78,0.13985559097118294,5.001278881405047,False,614.92,586.45,620.2833333333333,644.42
2021-04-01,Salvador,BA,Nordeste,607.62,-1.3251485920296124,5.341446923597037,False,615.78,576.81,612.7733333333333,634.5533333333333
2021-05-01,Salvador,BA,Nordeste,612.08,0.7340113886968869,4.774131703726514,False,607.62,584.19,611.8266666666667,624.2116666666667
2021-06-01,Salvador,BA,Nordeste,628.29,2.6483466213566675,8.348278954266398,False,612.08,579.88,615.9966666666666,618.14
2021-07-01,Salvador,BA,Nordeste,629.06,0.12255487115822028,7.267580656162598,False,628.29,586.44,623.1433333333333,617.9583333333334
2021-08-01,Salvador,BA,Nordeste,620.22,-1.4052713572632047,-2.6051726574645384,False,629.06,636.81,625.8566666666667,618.8416666666666
2021-09-01,Salvador,BA,Nordeste,645.27,4.0388894263325925,-0.8497234173325152,False,620.22,650.8,631.5166666666668,623.7566666666667
2021-10-01,Salvador,BA,Nordeste,633.96,-1.7527546608396394,-4.927866590684149,False,645.27,666.82,633.1500000000001,628.1466666666666
2021-11-01,Salvador,BA,Nordeste,647.72,2.1704839422045596,-3.9176419978342425,False,633.96,674.13,642.3166666666666,634.0866666666667
2021-12-01,Salvador,BA,Nordeste,665.68,2.7728030630519207,0.1444217113972579,False,647.72,664.72,649.12,640.3183333333333
2022-01-01,Salvador,BA,Nordeste,658.09,-1.1401874774666365,4.433864952789035,False,665.68,630.15,657.1633333333334,645.1566666666666
2022-02-01,Salvador,BA,Nordeste,648.58,-1.4450910969624253,5.47388278150005,False,658.09,614.92,657.4499999999999,649.8833333333333
2022-03-01,Salvador,BA,Nordeste,656.76,1.2612168121125977,6.654974179089934,False,648.58,615.78,654.4766666666667,651.7983333333333
2022-04-01,Salvador,BA,Nordeste,661.27,0.686704427797058,8.829531615154206,False,656.76,607.62,655.5366666666667,656.35
2022-05-01,Salvador,BA,Nordeste,671.45,1.5394619444402569,9.699712455888122,False,661.27,612.08,663.16,660.305
2022-06-01,Salvador,BA,Nordeste,659.32,-1.8065380892099192,4.9388021455060604,False,671.45,628.29,664.0133333333333,659.245
2022-07-01,Salvador,BA,Nordeste,676.53,2.610265121640465,7.546180014624992,False,659.32,629.06,669.1,662.3183333333333
2022-08-01,Salvador,BA,Nordeste,672.25,-0.6326400898703621,8.388958756570242,False,676.53,620.22,669.3666666666667,666.2633333333333
2022-09-01,Salvador,BA,Nordeste,678.57,0.940126441056166,5.160630433771929,False,672.25,645.27,675.7833333333333,669.8983333333333
2022-10-01,Salvador,BA,Nordeste,704.03,3.752007898963994,11.052747807432638,False,678.57,633.96,684.9500000000002,677.025
2022-11-01,Salvador,BA,Nordeste,674.32,-4.219990625399472,4.1067127771259315,False,704.03,647.72,685.64,677.5033333333333
2022-12-01,Salvador,BA,Nordeste,691.86,2.6011389251394013,3.932820574450191,False,674.32,665.68,690.07,682.9266666666666
2023-01-01,Salvador,BA,Nordeste,710.95,2.759228745700004,8.032336002674413,False,691.86,658.09,692.3766666666667,688.6633333333334
2023-02-01,Salvador,BA,Nordeste,719.49,1.201209649061119,10.93311542138209,False,710.95,648.58,707.4333333333334,696.5366666666667
2023-03-01,Salvador,BA,Nordeste,701.2,-2.542078416656235,6.766550947073524,False,719.49,656.76,710.5466666666667,700.3083333333334
2023-04-01,Salvador,BA,Nordeste,695.88,-0.7586993725042901,5.233868162777688,False,701.2,661.27,705.5233333333334,698.9500000000002
2023-05-01,Salvador,BA,Nordeste,693.81,-0.2974650801862433,3.3301064859631913,False,695.88,671.45,696.9633333333333,702.1983333333334
2023-06-01,Salvador,BA,Nordeste,713.31,2.810567734682401,8.188739913850608,False,693.81,659.32,701.0,705.7733333333334
2023-07-01,Salvador,BA,Nordeste,712.03,-0.17944512203670326,5.247365231401413,False,713.31,676.53,706.3833333333332,705.9533333333334
2023-08-01,Salvador,BA,Nordeste,723.38,1.5940339592432906,7.605801413164737,False,712.03,672.25,716.2399999999999,706.6016666666666
2023-09-01,Salvador,BA,Nordeste,719.1,-0.5916668970665451,5.972854679694062,False,723.38,678.57,718.17,709.585
2023-10-01,Salvador,BA,Nordeste,728.75,1.3419552218050246,3.5112140107665946,False,719.1,704.03,723.7433333333333,715.0633333333334
2023-11-01,Salvador,BA,Nordeste,729.19,0.06037735849058201,8.137086249851698,False,728.75,674.32,725.68,720.96
2023-12-01,Salvador,BA,Nordeste,742.14,1.7759431698185502,7.2673662301621755,False,729.19,691.86,733.36,725.765
2024-01-01,Salvador,BA,Nordeste,751.19,1.2194464656264392,5.660032351079547,False,742.14,710.95,740.8400000000001,732.2916666666666
2024-02-01,Salvador,BA,Nordeste,741.24,-1.3245650234960604,3.022974607013307,False,751.19,719.49,744.8566666666667,735.2683333333333
2024-03-01,Salvador,BA,Nordeste,754.47,1.7848470131131666,7.5969766115230986,False,741.24,701.2,748.9666666666667,741.1633333333333
2024-04-01,Salvador,BA,Nordeste,729.69,-3.2844248280249677,4.858596309708574,False,754.47,695.88,741.8000000000001,741.32
2024-05-01,Salvador,BA,Nordeste,735.46,0.7907467554715053,6.0030844179242315,False,729.69,693.81,739.8733333333333,742.3650000000001
2024-06-01,Salvador,BA,Nordeste,751.03,2.1170423952356243,5.288023440019063,False,735.46,713.31,738.7266666666668,743.8466666666667
2024-07-01,Salvador,BA,Nordeste,770.63,2.6097492776586906,8.229990309397085,False,751.03,712.03,752.3733333333333,747.0866666666667
2024-08-01,Salvador,BA,Nordeste,746.41,-3.1428830956490184,3.1836655699632344,False,770.63,723.38,756.0233333333332,747.9483333333334
2024-09-01,Salvador,BA,Nordeste,792.48,6.17221098323979,10.204422194409668,False,746.41,719.1,769.84,754.2833333333333
2024-10-01,Salvador,BA,Nordeste,779.73,-1.6088734100545121,6.99554030874785,False,792.48,728.75,772.8733333333333,762.6233333333333
2024-11-01,Salvador,BA,Nordeste,776.99,-0.351403691021257,6.555218804426821,False,779.73,729.19,783.0666666666666,769.5450000000001
2024-12-01,Salvador,BA,Nordeste,778.71,0.2213670703612669,4.927641684857309,False,776.99,742.14,778.4766666666668,774.1583333333334
2025-01-01,Salvador,BA,Nordeste,801.06,2.87013137111376,6.638799771029946,False,778.71,751.19,785.5866666666667,779.23
2025-02-01,Salvador,BA,Nordeste,807.01,0.7427658352682664,8.872969618477144,False,801.06,741.24,795.5933333333332,789.33
2025-03-01,Salvador,BA,Nordeste,796.26,-1.332077669421694,5.53898763370313,False,807.01,754.47,801.4433333333333,789.96
2025-04-01,Salvador,BA,Nordeste,787.64,-1.0825609725466534,7.941728679302162,False,796.26,729.69,796.9699999999999,791.2783333333333
2025-05-01,Salvador,BA,Nordeste,783.01,-0.5878320044690466,6.465341418975878,False,787.64,735.46,788.9699999999999,792.2816666666666
2025-06-01,Salvador,BA,Nordeste,791.72,1.1123740437542384,5.417892760608778,False,783.01,751.03,787.4566666666666,794.4499999999999
2025-07-01,Salvador,BA,Nordeste,791.12,-0.07578436821098489,2.6588635272439376,False,791.72,770.63,788.6166666666668,792.7933333333334
2025-08-01,Salvador,BA,Nordeste,789.79,-0.1681160885832811,5.811819241435678,False,791.12,746.41,790.8766666666667,789.9233333333333
2025-09-01,Salvador,BA,Nordeste,799.07,1.1749958849820885,0.8315667272360328,False,789.79,792.48,793.3266666666667,790.3916666666668
2025-10-01,Salvador,BA,Nordeste,793.79,-0.660768142966206,1.8031882831236468,False,799.07,779.73,794.2166666666667,791.4166666666666
2025-11-01,Salvador,BA,Nordeste,765.63,-3.5475377618765624,-1.4620522786651047,False,793.79,776.99,786.1633333333333,788.52
2025-12-01,Salvador,BA,Nordeste,791.99,3.442916291158915,1.7053845462367212,False,765.63,778.71,783.8033333333333,788.565
2026-01-01,Salvador,BA,Nordeste,803.04,1.3952196366115777,0.24717249644221617,False,791.99,801.06,786.8866666666667,790.5516666666667
2026-02-01,Salvador,BA,Nordeste,800.22,-0.3511655708308359,-0.8413774302672761,False,803.04,807.01,798.4166666666666,792.29
2026-03-01,Salvador,BA,Nordeste,780.55,-2.4580740296418546,-1.972973651822274,False,800.22,796.26,794.6033333333334,789.2033333333334
2020-01-01,São Luís,MA,Nordeste,491.9,,,False,,,491.9,491.9
2020-02-01,São Luís,MA,Nordeste,498.9,1.423053466151658,,False,491.9,,495.4,495.4
2020-03-01,São Luís,MA,Nordeste,488.71,-2.042493485668473,,False,498.9,,493.17,493.17
2020-04-01,São Luís,MA,Nordeste,498.75,2.054388082912162,,False,488.71,,495.4533333333333,494.565
2020-05-01,São Luís,MA,Nordeste,487.67,-2.22155388471178,,False,498.75,,491.71000000000004,493.186
2020-06-01,São Luís,MA,Nordeste,494.64,1.4292451862940148,,False,487.67,,493.68666666666667,493.4283333333333
2020-07-01,São Luís,MA,Nordeste,498.72,0.8248423095584823,,False,494.64,,493.6766666666667,494.565
2020-08-01,São Luís,MA,Nordeste,542.84,8.846647417388521,,False,498.72,,512.0666666666667,501.8883333333333
2020-09-01,São Luís,MA,Nordeste,556.58,2.5311325620809066,,False,542.84,,532.7133333333333,513.2
2020-10-01,São Luís,MA,Nordeste,556.47,-0.019763556002738714,,False,556.58,,551.9633333333335,522.82
2020-11-01,São Luís,MA,Nordeste,560.71,0.761945837152056,,False,556.47,,557.9200000000001,534.9933333333333
2020-12-01,São Luís,MA,Nordeste,561.0,0.05172014053609342,,False,560.71,,559.3933333333334,546.0533333333333
2021-01-01,São Luís,MA,Nordeste,524.41,-6.522281639928707,6.609066883512904,False,561.0,491.9,548.7066666666666,550.335
2021-02-01,São Luís,MA,Nordeste,537.27,2.4522797048111222,7.690920024052916,False,524.41,498.9,540.8933333333333,549.4066666666666
2021-03-01,São Luís,MA,Nordeste,533.21,-0.7556721946134992,9.105604550756086,False,537.27,488.71,531.63,545.5116666666667
2021-04-01,São Luís,MA,Nordeste,523.03,-1.9091915005345128,4.868170426065155,False,533.21,498.75,531.17,539.9383333333334
2021-05-01,São Luís,MA,Nordeste,524.42,0.26575913427526743,7.53583365800643,False,523.03,487.67,526.8866666666667,533.89
2021-06-01,São Luís,MA,Nordeste,525.14,0.13729453491477805,6.166100598415003,False,524.42,494.64,524.1966666666666,527.9133333333333
2021-07-01,São Luís,MA,Nordeste,535.51,1.9747115055033015,7.376884825152374,False,525.14,498.72,528.3566666666667,529.7633333333333
2021-08-01,São Luís,MA,Nordeste,529.8,-1.0662732722078072,-2.402181121509117,False,535.51,542.84,530.15,528.5183333333333
2021-09-01,São Luís,MA,Nordeste,538.72,1.6836542091355433,-3.2088828200797725,False,529.8,556.58,534.6766666666666,529.4366666666666
2021-10-01,São Luís,MA,Nordeste,528.36,-1.9230769230769273,-5.051485255269828,False,538.72,556.47,532.2933333333334,530.3249999999999
2021-11-01,São Luís,MA,Nordeste,531.01,0.5015519721402129,-5.296855772146037,False,528.36,560.71,532.6966666666667,531.4233333333333
2021-12-01,São Luís,MA,Nordeste,545.14,2.660966836782741,-2.827094474153302,False,531.01,561.0,534.8366666666667,534.7566666666667
2022-01-01,São Luís,MA,Nordeste,555.87,1.968301720658916,5.999122823744796,False,545.14,524.41,544.0066666666667,538.15
2022-02-01,São Luís,MA,Nordeste,563.78,1.4229945850648518,4.934204403744857,False,555.87,537.27,554.93,543.8133333333334
2022-03-01,São Luís,MA,Nordeste,553.44,-1.834048742417238,3.794002363046456,False,563.78,533.21,557.6966666666667,546.2666666666667
2022-04-01,São Luís,MA,Nordeste,549.05,-0.7932205839838335,4.97485803873583,False,553.44,523.03,555.4233333333333,549.715
2022-05-01,São Luís,MA,Nordeste,556.3,1.3204626172479639,6.079096907059234,False,549.05,524.42,552.93,553.93
2022-06-01,São Luís,MA,Nordeste,558.79,0.44760021571095265,6.407815058841448,False,556.3,525.14,554.7133333333333,556.205
2022-07-01,São Luís,MA,Nordeste,563.42,0.8285760303512912,5.21185412037124,False,558.79,535.51,559.5033333333333,557.4633333333333
2022-08-01,São Luís,MA,Nordeste,579.51,2.8557736679564183,9.38278595696489,False,563.42,529.8,567.24,560.0849999999999
2022-09-01,São Luís,MA,Nordeste,570.6,-1.5375058238856876,5.917730917730912,False,579.51,538.72,571.1766666666666,562.945
2022-10-01,São Luís,MA,Nordeste,571.87,0.22257273045915849,8.234915587856761,False,570.6,528.36,573.9933333333333,566.7483333333333
2022-11-01,São Luís,MA,Nordeste,576.7,0.8445975483938772,8.604357733376023,False,571.87,531.01,573.0566666666667,570.1483333333333
2022-12-01,São Luís,MA,Nordeste,577.49,0.1369863013698458,5.934255420625889,False,576.7,545.14,575.3533333333334,573.265
2023-01-01,São Luís,MA,Nordeste,587.5,1.7333633482830901,5.690179358483105,False,577.49,555.87,580.5633333333334,577.2783333333333
2023-02-01,São Luís,MA,Nordeste,588.02,0.08851063829786732,4.299549469651276,False,587.5,563.78,584.3366666666667,578.6966666666667
2023-03-01,São Luís,MA,Nordeste,581.0,-1.1938369443216135,4.9797629372650976,False,588.02,553.44,585.5066666666667,580.43
2023-04-01,São Luís,MA,Nordeste,588.04,1.211703958691901,7.101356889172217,False,581.0,549.05,585.6866666666666,583.125
2023-05-01,São Luís,MA,Nordeste,578.79,-1.573022243384803,4.042782671220557,False,588.04,556.3,582.61,583.4733333333334
2023-06-01,São Luís,MA,Nordeste,594.3,2.67972839890116,6.3548023407720144,False,578.79,558.79,587.0433333333333,586.275
2023-07-01,São Luís,MA,Nordeste,603.99,1.6304896516910805,7.200667352951617,False,594.3,563.42,592.36,589.0233333333333
2023-08-01,São Luís,MA,Nordeste,599.01,-0.8245169622013604,3.3649117357767766,False,603.99,579.51,599.1,590.8549999999999
2023-09-01,São Luís,MA,Nordeste,609.17,1.6961319510525596,6.759551349456694,False,599.01,570.6,604.0566666666667,595.55
2023-10-01,São Luís,MA,Nordeste,594.66,-2.3819295106456306,3.985171455050973,False,609.17,571.87,600.9466666666666,596.6533333333333
2023-11-01,São Luís,MA,Nordeste,608.82,2.3811926142669915,5.569620253164564,False,594.66,576.7,604.2166666666667,601.6583333333333
2023-12-01,São Luís,MA,Nordeste,613.42,0.7555599356131371,6.221752757623489,False,608.82,577.49,605.6333333333333,604.845
2024-01-01,São Luís,MA,Nordeste,628.21,2.4110723484725094,6.929361702127657,False,613.42,587.5,616.8166666666667,608.8816666666667
2024-02-01,São Luís,MA,Nordeste,617.8,-1.6570891899205797,5.064453590013951,False,628.21,588.02,619.8100000000001,612.0133333333333
2024-03-01,São Luís,MA,Nordeste,631.22,2.1722240207186827,8.643717728055078,False,617.8,581.0,625.7433333333333,615.6883333333334
2024-04-01,São Luís,MA,Nordeste,608.36,-3.6215582522733825,3.4555472416842425,False,631.22,588.04,619.1266666666667,617.9716666666667
2024-05-01,São Luís,MA,Nordeste,620.81,2.0464856335064674,7.259973392767671,False,608.36,578.79,620.13,619.9699999999999
2024-06-01,São Luís,MA,Nordeste,630.6,1.5769720204249493,6.108026249369014,False,620.81,594.3,619.9233333333333,622.8333333333334
2024-07-01,São Luís,MA,Nordeste,641.57,1.7396130669203869,6.221957317174143,False,630.6,603.99,630.9933333333333,625.06
2024-08-01,São Luís,MA,Nordeste,654.06,1.9467867886590495,9.19016377022086,False,641.57,599.01,642.0766666666667,631.1033333333334
2024-09-01,São Luís,MA,Nordeste,629.28,-3.788643243739098,3.301213126056779,False,654.06,609.17,641.6366666666667,630.78
2024-10-01,São Luís,MA,Nordeste,637.46,1.299898296465818,7.197390105270252,False,629.28,594.66,640.2666666666665,635.63
2024-11-01,São Luís,MA,Nordeste,647.23,1.5326451855802725,6.30892546236983,False,637.46,608.82,637.9899999999999,640.0333333333334
2024-12-01,São Luís,MA,Nordeste,639.95,-1.1247933501228324,4.324932346516275,False,647.23,613.42,641.5466666666667,641.5916666666667
2025-01-01,São Luís,MA,Nordeste,671.18,4.880068755371503,6.840069403543381,False,639.95,628.21,652.7866666666667,646.5266666666668
2025-02-01,São Luís,MA,Nordeste,674.84,0.5453082630590966,9.232761411460032,False,671.18,617.8,661.9900000000001,649.9900000000001
2025-03-01,São Luís,MA,Nordeste,662.6,-1.8137632624029454,4.971325369918578,False,674.84,631.22,669.54,655.5433333333334
2025-04-01,São Luís,MA,Nordeste,653.23,-1.4141261696347773,7.37556709842857,False,662.6,608.36,663.5566666666667,658.1716666666667
2025-05-01,São Luís,MA,Nordeste,668.97,2.4095647781026575,7.757606997309985,False,653.23,620.81,661.6,661.795
2025-06-01,São Luís,MA,Nordeste,665.39,-0.5351510531115045,5.516967967015529,False,668.97,630.6,662.5300000000001,666.035
2025-07-01,São Luís,MA,Nordeste,682.08,2.508303401012957,6.314197983072778,False,665.39,641.57,672.1466666666666,667.8516666666667
2025-08-01,São Luís,MA,Nordeste,682.38,0.04398311048556813,4.3298779928446995,False,682.08,654.06,676.6166666666667,669.1083333333335
2025-09-01,São Luís,MA,Nordeste,702.64,2.9690201940267835,11.657767607424363,False,682.38,629.28,689.0333333333334,675.7816666666666
2025-10-01,São Luís,MA,Nordeste,687.15,-2.2045428669019707,7.794998901891881,False,702.64,637.46,690.7233333333334,681.435
2025-11-01,São Luís,MA,Nordeste,709.07,3.1899876300662156,9.554563292801642,False,687.15,647.23,699.6199999999999,688.1183333333333
2025-12-01,São Luís,MA,Nordeste,719.16,1.422990677930236,12.377529494491736,False,709.07,639.95,705.1266666666667,697.0799999999999
2026-01-01,São Luís,MA,Nordeste,730.01,1.508704599810895,8.765159867695704,False,719.16,671.18,719.4133333333333,705.0683333333333
2026-02-01,São Luís,MA,Nordeste,739.99,1.3671045602114962,9.654140240649633,False,730.01,674.84,729.7199999999999,714.67
2026-03-01,São Luís,MA,Nordeste,738.0,-0.2689225530074779,11.37941442801087,False,739.99,662.6,736.0,720.5633333333334
2020-01-01,São Paulo,SP,Sudeste,658.3,,,False,,,658.3,658.3
2020-02-01,São Paulo,SP,Sudeste,672.6,2.1722618866778065,,False,658.3,,665.45,665.45
2020-03-01,São Paulo,SP,Sudeste,661.95,-1.5834076717216705,,False,672.6,,664.2833333333333,664.2833333333333
2020-04-01,São Paulo,SP,Sudeste,660.68,-0.1918573910416388,,False,661.95,,665.0766666666667,663.3824999999999
2020-05-01,São Paulo,SP,Sudeste,650.74,-1.5045105043288598,,False,660.68,,657.7900000000001,660.854
2020-06-01,São Paulo,SP,Sudeste,664.01,2.039216891538853,,False,650.74,,658.4766666666667,661.38
2020-07-01,São Paulo,SP,Sudeste,666.49,0.3734883510790432,,False,664.01,,660.4133333333333,662.745
2020-08-01,São Paulo,SP,Sudeste,720.45,8.096145478551819,,False,666.49,,683.65,670.7199999999999
2020-09-01,São Paulo,SP,Sudeste,710.05,-1.4435422305503653,,False,720.45,,698.9966666666666,678.7366666666667
2020-10-01,São Paulo,SP,Sudeste,741.68,4.454615872121681,,False,710.05,,724.06,692.2366666666667
2020-11-01,São Paulo,SP,Sudeste,743.75,0.2790961061374331,,False,741.68,,731.8266666666667,707.7383333333333
2020-12-01,São Paulo,SP,Sudeste,728.17,-2.0947899159663885,,False,743.75,,737.8666666666667,718.4316666666667
2021-01-01,São Paulo,SP,Sudeste,698.8,-4.033398794237608,6.152210238493083,False,728.17,658.3,723.5733333333334,723.8166666666666
2021-02-01,São Paulo,SP,Sudeste,699.28,0.06868918145392922,3.9666964020220075,False,698.8,672.6,708.75,720.2883333333333
2021-03-01,São Paulo,SP,Sudeste,688.72,-1.5101246996911066,4.044112093058394,False,699.28,661.95,695.6,716.7333333333332
2021-04-01,São Paulo,SP,Sudeste,669.74,-2.7558369148565465,1.3713144033420166,False,688.72,660.68,685.9133333333333,704.7433333333333
2021-05-01,São Paulo,SP,Sudeste,684.75,2.2411682145310197,5.226357685096961,False,669.74,650.74,681.07,694.91
2021-06-01,São Paulo,SP,Sudeste,708.07,3.4056224899598364,6.635442237315714,False,684.75,664.01,687.52,691.56
2021-07-01,São Paulo,SP,Sudeste,726.76,2.639569534085595,9.04289636753739,False,708.07,666.49,706.5266666666666,696.2199999999999
2021-08-01,São Paulo,SP,Sudeste,712.46,-1.9676371842148654,-1.1090290790478186,False,726.76,720.45,715.7633333333333,698.4166666666666
2021-09-01,São Paulo,SP,Sudeste,713.31,0.11930494343541653,0.4591225970002055,False,712.46,710.05,717.5099999999999,702.515
2021-10-01,São Paulo,SP,Sudeste,711.26,-0.28739257826190245,-4.101499298888999,False,713.31,741.68,712.3433333333334,709.435
2021-11-01,São Paulo,SP,Sudeste,713.63,0.33321148384557464,-4.049747899159661,False,711.26,743.75,712.7333333333332,714.2483333333333
2021-12-01,São Paulo,SP,Sudeste,729.08,2.1649874584869,0.12497081725422188,False,713.63,728.17,717.9900000000001,717.75
2022-01-01,São Paulo,SP,Sudeste,741.41,1.691172436495303,6.097595878649109,False,729.08,698.8,728.04,720.1916666666666
2022-02-01,São Paulo,SP,Sudeste,737.15,-0.5745808661874019,5.415570300880912,False,741.41,699.28,735.88,724.3066666666667
2022-03-01,São Paulo,SP,Sudeste,722.62,-1.9711049311537665,4.922174468579388,False,737.15,688.72,733.7266666666668,725.8583333333332
2022-04-01,São Paulo,SP,Sudeste,721.61,-0.13976917328609728,7.744796488189443,False,722.62,669.74,727.1266666666667,727.5833333333334
2022-05-01,São Paulo,SP,Sudeste,721.73,0.016629481298768845,5.400511135450903,False,721.61,684.75,721.9866666666667,728.9333333333333
2022-06-01,São Paulo,SP,Sudeste,740.16,2.553586521275264,4.532037792873567,False,721.73,708.07,727.8333333333334,730.7800000000001
2022-07-01,São Paulo,SP,Sudeste,741.53,0.18509511456983319,2.032307776982778,False,740.16,726.76,734.4733333333334,730.8000000000001
2022-08-01,São Paulo,SP,Sudeste,749.65,1.0950332420805564,5.219942172192105,False,741.53,712.46,743.7799999999999,732.8833333333333
2022-09-01,São Paulo,SP,Sudeste,739.61,-1.3392916694457413,3.6870364918478726,False,749.65,713.31,743.5966666666667,735.715
2022-10-01,São Paulo,SP,Sudeste,761.67,2.98265301983478,7.087422320951542,False,739.61,711.26,750.31,742.3916666666665
2022-11-01,São Paulo,SP,Sudeste,778.37,2.1925505796473566,9.071928029931486,False,761.67,713.63,759.8833333333332,751.8316666666666
2022-12-01,São Paulo,SP,Sudeste,768.93,-1.2127908321235448,5.465792505623512,False,778.37,729.08,769.6566666666666,756.6266666666667
2023-01-01,São Paulo,SP,Sudeste,779.62,1.390243585241846,5.153693637798251,False,768.93,741.41,775.64,762.975
2023-02-01,São Paulo,SP,Sudeste,788.25,1.106949539519242,6.932103371091358,False,779.62,737.15,778.9333333333334,769.4083333333333
2023-03-01,São Paulo,SP,Sudeste,761.08,-3.446875991119569,5.322299410478548,False,788.25,722.62,776.3166666666667,772.9866666666667
2023-04-01,São Paulo,SP,Sudeste,748.19,-1.6936458716560687,3.683430107675889,False,761.08,721.61,765.84,770.7399999999999
2023-05-01,São Paulo,SP,Sudeste,770.29,2.953795158983663,6.728277887852796,False,748.19,721.73,759.8533333333334,769.3933333333333
2023-06-01,São Paulo,SP,Sudeste,774.75,0.579002713263832,4.6733138780804095,False,770.29,740.16,764.41,770.3633333333333
2023-07-01,São Paulo,SP,Sudeste,771.61,-0.40529202968699884,4.056477822879723,False,774.75,741.53,772.2166666666667,769.0283333333333
2023-08-01,São Paulo,SP,Sudeste,778.68,0.9162659892951064,3.8724738211165066,False,771.61,749.65,775.0133333333333,767.4333333333334
2023-09-01,São Paulo,SP,Sudeste,780.04,0.17465454358658317,5.466394451129641,False,778.68,739.61,776.7766666666666,770.5933333333332
2023-10-01,São Paulo,SP,Sudeste,793.53,1.7293984923850036,4.182913860333226,False,780.04,761.67,784.0833333333334,778.15
2023-11-01,São Paulo,SP,Sudeste,800.5,0.8783536854309215,2.843120880815042,False,793.53,778.37,791.3566666666667,783.185
2023-12-01,São Paulo,SP,Sudeste,806.34,0.7295440349781357,4.865202294096993,False,800.5,768.93,800.1233333333333,788.4499999999999
2024-01-01,São Paulo,SP,Sudeste,825.86,2.4208150408016493,5.931094635848244,False,806.34,779.62,810.9,797.4916666666667
2024-02-01,São Paulo,SP,Sudeste,828.24,0.2881844380403509,5.073263558515695,False,825.86,788.25,820.1466666666666,805.7516666666667
2024-03-01,São Paulo,SP,Sudeste,807.87,-2.4594320486815424,6.147842539549053,False,828.24,761.08,820.6566666666668,810.39
2024-04-01,São Paulo,SP,Sudeste,795.8,-1.4940522608835605,6.363356901321837,False,807.87,748.19,810.6366666666667,810.7683333333334
2024-05-01,São Paulo,SP,Sudeste,792.15,-0.4586579542598668,2.8378922224097547,False,795.8,770.29,798.6066666666667,809.3766666666667
2024-06-01,São Paulo,SP,Sudeste,828.74,4.619074670201351,6.968699580509852,False,792.15,774.75,805.5633333333334,813.11
2024-07-01,São Paulo,SP,Sudeste,822.03,-0.8096628616936608,6.53438913440727,False,828.74,771.61,814.3066666666667,812.4716666666667
2024-08-01,São Paulo,SP,Sudeste,823.68,0.20072260136489994,5.7790106333795555,False,822.03,778.68,824.8166666666666,811.7116666666667
2024-09-01,São Paulo,SP,Sudeste,839.94,1.9740675990676193,7.679093379826685,False,823.68,780.04,828.5500000000001,817.0566666666667
2024-10-01,São Paulo,SP,Sudeste,826.86,-1.5572540895778308,4.200219273373418,False,839.94,793.53,830.16,822.2333333333332
2024-11-01,São Paulo,SP,Sudeste,844.29,2.1079747478412347,5.4703310430980645,False,826.86,800.5,837.0300000000001,830.9233333333333
2024-12-01,São Paulo,SP,Sudeste,843.56,-0.08646318208198611,4.615918843167877,False,844.29,806.34,838.2366666666667,833.3933333333333
2025-01-01,São Paulo,SP,Sudeste,853.38,1.164113993076965,3.3322839222144074,False,843.56,825.86,847.0766666666665,838.6183333333333
2025-02-01,São Paulo,SP,Sudeste,864.76,1.333520823079981,4.409349946875296,False,853.38,828.24,853.9,845.4650000000001
2025-03-01,São Paulo,SP,Sudeste,859.8,-0.573569545307373,6.428014408258753,False,864.76,807.87,859.3133333333332,848.775
2025-04-01,São Paulo,SP,Sudeste,849.19,-1.2340079088159928,6.70897210354362,False,859.8,795.8,857.9166666666666,852.4966666666668
2025-05-01,São Paulo,SP,Sudeste,857.64,0.995065886315194,8.267373603484195,False,849.19,792.15,855.5433333333334,854.7216666666667
2025-06-01,São Paulo,SP,Sudeste,864.19,0.7637237069166636,4.277578009991068,False,857.64,828.74,857.0066666666667,858.16
2025-07-01,São Paulo,SP,Sudeste,891.32,3.139355928673093,8.429132756712043,False,864.19,822.03,871.0500000000001,864.4833333333332
2025-08-01,São Paulo,SP,Sudeste,860.01,-3.5127675806668868,4.410693473193472,False,891.32,823.68,871.8400000000001,863.6916666666666
2025-09-01,São Paulo,SP,Sudeste,867.12,0.8267345728538045,3.235945424673181,False,860.01,839.94,872.8166666666667,864.9116666666667
2025-10-01,São Paulo,SP,Sudeste,872.77,0.6515822492849876,5.5523305033500225,False,867.12,826.86,866.6333333333333,868.8416666666667
2025-11-01,São Paulo,SP,Sudeste,864.94,-0.8971435773456826,2.4458420684835946,False,872.77,844.29,868.2766666666666,870.0583333333334
2025-12-01,São Paulo,SP,Sudeste,887.48,2.605961107128807,5.206505761297375,False,864.94,843.56,875.0633333333334,873.94
2026-01-01,São Paulo,SP,Sudeste,906.99,2.1983593996484307,6.282078323841667,False,887.48,853.38,886.4700000000001,876.5516666666667
2026-02-01,São Paulo,SP,Sudeste,903.03,-0.4366090034068737,4.425505342522773,False,906.99,864.76,899.1666666666666,883.7216666666667
2026-03-01,São Paulo,SP,Sudeste,883.94,-2.1139939979845535,2.8076296813212442,False,903.03,859.8,897.9866666666667,886.5250000000001
2020-01-01,Teresina,PI,Nordeste,568.56,,,False,,,568.56,568.56
2020-02-01,Teresina,PI,Nordeste,572.26,0.6507668495849162,,False,568.56,,570.41,570.41
2020-03-01,Teresina,PI,Nordeste,569.57,-0.4700660538915824,,False,572.26,,570.13,570.13
2020-04-01,Teresina,PI,Nordeste,548.99,-3.6132521024632713,,False,569.57,,563.6066666666667,564.845
2020-05-01,Teresina,PI,Nordeste,550.76,0.32241024426673537,,False,548.99,,556.44,562.028
2020-06-01,Teresina,PI,Nordeste,563.41,2.2968262037911247,,False,550.76,,554.3866666666667,562.2583333333333
2020-07-01,Teresina,PI,Nordeste,574.48,1.9648213556735072,,False,563.41,,562.8833333333333,563.245
2020-08-01,Teresina,PI,Nordeste,605.51,5.401406489346883,,False,574.48,,581.1333333333333,568.7866666666666
2020-09-01,Teresina,PI,Nordeste,617.39,1.9619824610658698,,False,605.51,,599.1266666666667,576.7566666666667
2020-10-01,Teresina,PI,Nordeste,625.84,1.3686648633764786,,False,617.39,,616.2466666666667,589.5649999999999
2020-11-01,Teresina,PI,Nordeste,624.61,-0.1965358558097985,,False,625.84,,622.6133333333333,601.8733333333333
2020-12-01,Teresina,PI,Nordeste,624.7,0.014408991210523858,,False,624.61,,625.0500000000001,612.0883333333333
2021-01-01,Teresina,PI,Nordeste,599.01,-4.112373939490965,5.35563528915155,False,624.7,568.56,616.1066666666667,616.1766666666667
2021-02-01,Teresina,PI,Nordeste,571.83,-4.537486853307948,-0.07514067032466931,False,599.01,572.26,598.5133333333333,610.5633333333334
2021-03-01,Teresina,PI,Nordeste,589.66,3.118059563156872,3.527222290499843,False,571.83,569.57,586.8333333333334,605.9416666666667
2021-04-01,Teresina,PI,Nordeste,572.63,-2.888105009666586,4.306089364104992,False,589.66,548.99,578.04,597.0733333333334
2021-05-01,Teresina,PI,Nordeste,565.62,-1.2241761696034081,2.6980899121214375,False,572.63,550.76,575.9699999999999,587.2416666666667
2021-06-01,Teresina,PI,Nordeste,595.64,5.30745023160426,5.720523242398956,False,565.62,563.41,577.9633333333334,582.3983333333334
2021-07-01,Teresina,PI,Nordeste,605.0,1.5714189779061138,5.312630552847786,False,595.64,574.48,588.7533333333333,583.3966666666666
2021-08-01,Teresina,PI,Nordeste,595.37,-1.5917355371900865,-1.6746213935360243,False,605.0,605.51,598.67,587.32
2021-09-01,Teresina,PI,Nordeste,606.57,1.8811831298184423,-1.7525389138145941,False,595.37,617.39,602.3133333333334,590.1383333333333
2021-10-01,Teresina,PI,Nordeste,614.34,1.280973341906133,-1.837530359197237,False,606.57,625.84,605.4266666666667,597.09
2021-11-01,Teresina,PI,Nordeste,614.46,0.01953315753491225,-1.6250140087414544,False,614.34,624.61,611.7900000000001,605.23
2021-12-01,Teresina,PI,Nordeste,619.57,0.8316245158350499,-0.8211941732031325,False,614.46,624.7,616.1233333333333,609.2183333333334
2022-01-01,Teresina,PI,Nordeste,627.08,1.2121309940765324,4.686065341146239,False,619.57,599.01,620.37,612.8983333333334
2022-02-01,Teresina,PI,Nordeste,624.33,-0.4385405370925577,9.181050312155703,False,627.08,571.83,623.6600000000001,617.725
2022-03-01,Teresina,PI,Nordeste,601.22,-3.70156808098282,1.9604517857748638,False,624.33,589.66,617.5433333333334,616.8333333333334
2022-04-01,Teresina,PI,Nordeste,605.37,0.6902631316323404,5.7174790004016485,False,601.22,572.63,610.3066666666667,615.3383333333334
2022-05-01,Teresina,PI,Nordeste,603.11,-0.37332540429819705,6.628124889501796,False,605.37,565.62,603.2333333333333,613.4466666666667
2022-06-01,Teresina,PI,Nordeste,639.08,5.96408615343802,7.292995769256616,False,603.11,595.64,615.8533333333334,616.6983333333334
2022-07-01,Teresina,PI,Nordeste,622.89,-2.533329160668474,2.9570247933884186,False,639.08,605.0,621.6933333333334,616.0
2022-08-01,Teresina,PI,Nordeste,627.88,0.8011045288895291,5.460469959856895,False,622.89,595.37,629.9499999999999,616.5916666666667
2022-09-01,Teresina,PI,Nordeste,633.91,0.9603745938714381,4.50731160459632,False,627.88,606.57,628.2266666666667,622.04
2022-10-01,Teresina,PI,Nordeste,632.46,-0.22873909545517712,2.949506787772238,False,633.91,614.34,631.4166666666666,626.555
2022-11-01,Teresina,PI,Nordeste,648.3,2.504506213831692,5.507274680206997,False,632.46,614.46,638.2233333333332,634.0866666666667
2022-12-01,Teresina,PI,Nordeste,632.39,-2.4541107511954263,2.069177009861667,False,648.3,619.57,637.7166666666667,632.9716666666667
2023-01-01,Teresina,PI,Nordeste,654.38,3.477284587042817,4.353511513682462,False,632.39,627.08,645.0233333333333,638.2199999999999
2023-02-01,Teresina,PI,Nordeste,649.59,-0.7319905865093568,4.04593724472635,False,654.38,624.33,645.4533333333334,641.8383333333334
2023-03-01,Teresina,PI,Nordeste,634.79,-2.278360196431606,5.5836465852765915,False,649.59,601.22,646.2533333333334,641.985
2023-04-01,Teresina,PI,Nordeste,633.41,-0.21739472896548095,4.631878025009484,False,634.79,605.37,639.2633333333333,642.1433333333333
2023-05-01,Teresina,PI,Nordeste,640.66,1.1445982854707104,6.2260615808061415,False,633.41,603.11,636.2866666666665,640.87
2023-06-01,Teresina,PI,Nordeste,649.99,1.4563106796116498,1.7071415159291448,False,640.66,639.08,641.3533333333334,643.8033333333334
2023-07-01,Teresina,PI,Nordeste,650.6,0.09384759765536099,4.4486185361781505,False,649.99,622.89,647.0833333333334,643.1733333333333
2023-08-01,Teresina,PI,Nordeste,647.61,-0.45957577620657775,3.142320188571057,False,650.6,627.88,649.4000000000001,642.8433333333334
2023-09-01,Teresina,PI,Nordeste,660.94,2.058337579716185,4.264012241485404,False,647.61,633.91,653.0500000000001,647.2016666666667
2023-10-01,Teresina,PI,Nordeste,652.31,-1.3057161013102725,3.1385384055908627,False,660.94,632.46,653.62,650.3516666666667
2023-11-01,Teresina,PI,Nordeste,673.19,3.2009320721742895,3.839271942002176,False,652.31,648.3,662.1466666666666,655.7733333333334
2023-12-01,Teresina,PI,Nordeste,670.54,-0.3936481528246216,6.032669713309824,False,673.19,632.39,665.3466666666667,659.1983333333334
2024-01-01,Teresina,PI,Nordeste,674.45,0.5831121185909893,3.0670252758336236,False,670.54,654.38,672.7266666666666,663.1733333333333
2024-02-01,Teresina,PI,Nordeste,686.49,1.7851582771146735,5.6805061654274125,False,674.45,649.59,677.16,669.6533333333333
2024-03-01,Teresina,PI,Nordeste,672.24,-2.0757767775204328,5.899588840403913,False,686.49,634.79,677.7266666666666,671.5366666666666
2024-04-01,Teresina,PI,Nordeste,673.41,0.17404498393429613,6.315025023286647,False,672.24,633.41,677.38,675.0533333333333
2024-05-01,Teresina,PI,Nordeste,684.37,1.6275374586061986,6.822651640495736,False,673.41,640.66,676.6733333333333,676.9166666666666
2024-06-01,Teresina,PI,Nordeste,671.75,-1.844031737218177,3.347743811443249,False,684.37,649.99,676.5099999999999,677.1183333333333
2024-07-01,Teresina,PI,Nordeste,690.52,2.7941942687011556,6.135874577313238,False,671.75,650.6,682.2133333333333,679.7966666666667
2024-08-01,Teresina,PI,Nordeste,691.18,0.09558014250130586,6.727814579762503,False,690.52,647.61,684.4833333333332,680.5783333333333
2024-09-01,Teresina,PI,Nordeste,700.71,1.378801469949953,6.0171876418434245,False,691.18,660.94,694.1366666666667,685.3233333333334
2024-10-01,Teresina,PI,Nordeste,699.93,-0.11131566553924666,7.300210022841891,False,700.71,652.31,697.2733333333334,689.7433333333333
2024-11-01,Teresina,PI,Nordeste,695.11,-0.688640292600684,3.2561386829869754,False,699.93,673.19,698.5833333333334,691.5333333333333
2024-12-01,Teresina,PI,Nordeste,701.49,0.9178403418164116,4.615682882452954,False,695.11,670.54,698.8433333333332,696.4899999999999
2025-01-01,Teresina,PI,Nordeste,714.74,1.8888366191962769,5.973756394098895,False,701.49,674.45,703.7800000000001,700.5266666666666
2025-02-01,Teresina,PI,Nordeste,732.71,2.5142009681842437,6.732800186455745,False,714.74,686.49,716.3133333333334,707.4483333333334
2025-03-01,Teresina,PI,Nordeste,713.02,-2.687284191562833,6.066285850291564,False,732.71,672.24,720.1566666666668,709.5
2025-04-01,Teresina,PI,Nordeste,720.28,1.0182042579450767,6.960098602634357,False,713.02,673.41,722.0033333333334,712.8916666666668
2025-05-01,Teresina,PI,Nordeste,707.06,-1.8353973454767636,3.3154580124786115,False,720.28,684.37,713.4533333333333,714.8833333333333
2025-06-01,Teresina,PI,Nordeste,715.17,1.1470030831895572,6.463714179382207,False,707.06,671.75,714.17,717.1633333333334
2025-07-01,Teresina,PI,Nordeste,711.27,-0.5453248877889116,3.0049817528818856,False,715.17,690.52,711.1666666666666,716.585
2025-08-01,Teresina,PI,Nordeste,711.49,0.03093058894654277,2.938453080239589,False,711.27,691.18,712.6433333333333,713.0483333333333
2025-09-01,Teresina,PI,Nordeste,715.79,0.6043654865142134,2.1521028670919318,False,711.49,700.71,712.8499999999999,713.5099999999999
2025-10-01,Teresina,PI,Nordeste,733.1,2.4183070453624778,4.739045333104741,False,715.79,699.93,720.1266666666667,715.6466666666666
2025-11-01,Teresina,PI,Nordeste,737.57,0.6097394625562691,6.1083857231229555,False,733.1,695.11,728.82,720.7316666666666
2025-12-01,Teresina,PI,Nordeste,723.5,-1.9076155483547352,3.137607093472461,False,737.57,701.49,731.39,722.12
2026-01-01,Teresina,PI,Nordeste,760.55,5.120939875604691,6.409323670145772,False,723.5,714.74,740.54,730.3333333333334
2026-02-01,Teresina,PI,Nordeste,752.23,-1.0939451712576376,2.6640826520724303,False,760.55,732.71,745.4266666666666,737.1233333333333
2026-03-01,Teresina,PI,Nordeste,745.0,-0.9611422038472317,4.48514768169197,False,752.23,713.02,752.5933333333332,741.9916666666667
2020-01-01,Vitória,ES,Sudeste,585.91,,,False,,,585.91,585.91
2020-02-01,Vitória,ES,Sudeste,595.13,1.573620521923158,,False,585.91,,590.52,590.52
2020-03-01,Vitória,ES,Sudeste,592.21,-0.49064910187689437,,False,595.13,,591.0833333333334,591.0833333333334
2020-04-01,Vitória,ES,Sudeste,571.95,-3.4210837371878244,,False,592.21,,586.4300000000001,586.3
2020-05-01,Vitória,ES,Sudeste,586.94,2.6208584666491896,,False,571.95,,583.7,586.4280000000001
2020-06-01,Vitória,ES,Sudeste,597.11,1.7327154393975475,,False,586.94,,585.3333333333334,588.2083333333334
2020-07-01,Vitória,ES,Sudeste,602.74,0.9428748471805859,,False,597.11,,595.5966666666667,591.0133333333334
2020-08-01,Vitória,ES,Sudeste,652.3,8.2224508079769,,False,602.74,,617.3833333333333,600.5416666666666
2020-09-01,Vitória,ES,Sudeste,672.92,3.161122183044607,,False,652.3,,642.6533333333333,613.9933333333333
2020-10-01,Vitória,ES,Sudeste,651.49,-3.1846281876003024,,False,672.92,,658.9033333333333,627.25
2020-11-01,Vitória,ES,Sudeste,655.68,0.6431411073078541,,False,651.49,,660.0299999999999,638.7066666666666
2020-12-01,Vitória,ES,Sudeste,658.29,0.39806002928257644,,False,655.68,,655.1533333333333,648.9033333333333
2021-01-01,Vitória,ES,Sudeste,625.16,-5.032736332011723,6.698981072178323,False,658.29,585.91,646.3766666666667,652.64
2021-02-01,Vitória,ES,Sudeste,627.69,0.404696397722204,5.471073546956129,False,625.16,595.13,637.0466666666666,648.5383333333333
2021-03-01,Vitória,ES,Sudeste,633.04,0.852331564944464,6.894513770453026,False,627.69,592.21,628.63,641.8916666666667
2021-04-01,Vitória,ES,Sudeste,628.66,-0.6918994060406969,9.915202377830212,False,633.04,571.95,629.7966666666666,638.0866666666666
2021-05-01,Vitória,ES,Sudeste,615.86,-2.036076734641934,4.927249804068556,False,628.66,586.94,625.8533333333334,631.4499999999999
2021-06-01,Vitória,ES,Sudeste,626.41,1.7130516675867735,4.906968565255965,False,615.86,597.11,623.6433333333333,626.1366666666667
2021-07-01,Vitória,ES,Sudeste,640.05,2.17748758800147,6.190065368152098,False,626.41,602.74,627.44,628.6183333333333
2021-08-01,Vitória,ES,Sudeste,635.08,-0.7765018357940634,-2.6398896213398637,False,640.05,652.3,633.8466666666667,629.85
2021-09-01,Vitória,ES,Sudeste,647.81,2.0044718775587222,-3.731498543660472,False,635.08,672.92,640.98,632.3116666666666
2021-10-01,Vitória,ES,Sudeste,647.63,-0.027785924885370683,-0.5924879890712109,False,647.81,651.49,643.5066666666667,635.4733333333334
2021-11-01,Vitória,ES,Sudeste,637.16,-1.6166638358321883,-2.824548560273299,False,647.63,655.68,644.1999999999999,639.0233333333333
2021-12-01,Vitória,ES,Sudeste,664.95,4.361541841923544,1.01171216333229,False,637.16,658.29,649.9133333333333,645.4466666666667
2022-01-01,Vitória,ES,Sudeste,683.37,2.7701330927137224,9.311216328619887,False,664.95,625.16,661.8266666666667,652.6666666666666
2022-02-01,Vitória,ES,Sudeste,667.49,-2.323777748511058,6.340709585942106,False,683.37,627.69,671.9366666666666,658.0683333333333
2022-03-01,Vitória,ES,Sudeste,659.45,-1.2045124271524599,4.171932263364098,False,667.49,633.04,670.1033333333334,660.0083333333333
2022-04-01,Vitória,ES,Sudeste,658.21,-0.18803548411555626,4.700474024114798,False,659.45,628.66,661.7166666666667,661.7716666666666
2022-05-01,Vitória,ES,Sudeste,661.93,0.5651691709332773,7.480596239405046,False,658.21,615.86,659.8633333333333,665.9
2022-06-01,Vitória,ES,Sudeste,677.95,2.4201954889490063,8.227837997477705,False,661.93,626.41,666.03,668.0666666666666
2022-07-01,Vitória,ES,Sudeste,692.18,2.0989748506526906,8.144676197172096,False,677.95,640.05,677.3533333333334,669.535
2022-08-01,Vitória,ES,Sudeste,678.11,-2.032708255078153,6.775524343389794,False,692.18,635.08,682.7466666666666,671.305
2022-09-01,Vitória,ES,Sudeste,676.58,-0.22562711064576524,4.441116994180416,False,678.11,647.81,682.29,674.16
2022-10-01,Vitória,ES,Sudeste,675.4,-0.17440657424104833,4.287942189212979,False,676.58,647.63,676.6966666666667,677.025
2022-11-01,Vitória,ES,Sudeste,684.07,1.2836837429671455,7.362357963462873,False,675.4,637.16,678.6833333333334,680.715
2022-12-01,Vitória,ES,Sudeste,693.15,1.32734954025171,4.240920369952628,False,684.07,664.95,684.2066666666666,683.2483333333333
2023-01-01,Vitória,ES,Sudeste,725.23,4.628146865757787,6.125524971830787,False,693.15,683.37,700.8166666666666,688.7566666666667
2023-02-01,Vitória,ES,Sudeste,710.33,-2.054520634833079,6.418073679006442,False,725.23,667.49,709.57,694.1266666666667
2023-03-01,Vitória,ES,Sudeste,705.81,-0.6363239621021366,7.0301008416104205,False,710.33,659.45,713.79,698.9983333333333
2023-04-01,Vitória,ES,Sudeste,696.84,-1.27088026522717,5.868947600309937,False,705.81,658.21,704.3266666666667,702.5716666666667
2023-05-01,Vitória,ES,Sudeste,710.01,1.889960392629586,7.263607934373728,False,696.84,661.93,704.2199999999999,706.895
2023-06-01,Vitória,ES,Sudeste,735.0,3.5196687370600444,8.415074858027861,False,710.01,677.95,713.9500000000002,713.87
2023-07-01,Vitória,ES,Sudeste,714.16,-2.835374149659864,3.175474587535043,False,735.0,692.18,719.7233333333334,712.025
2023-08-01,Vitória,ES,Sudeste,718.13,0.5558978380195034,5.901697364734337,False,714.16,678.11,722.43,713.3249999999999
2023-09-01,Vitória,ES,Sudeste,734.07,2.219653823123946,8.497147417895889,False,718.13,676.58,722.12,718.035
2023-10-01,Vitória,ES,Sudeste,734.85,0.10625689648124936,8.80219129404798,False,734.07,675.4,729.0166666666668,724.37
2023-11-01,Vitória,ES,Sudeste,747.86,1.7704293393209447,9.3250690718786,False,734.85,684.07,738.9266666666667,730.6783333333333
2023-12-01,Vitória,ES,Sudeste,741.48,-0.8531008477522528,6.972516771261628,False,747.86,693.15,741.3966666666666,731.7583333333333
2024-01-01,Vitória,ES,Sudeste,752.48,1.4835194475913083,3.7574286777987576,False,741.48,725.23,747.2733333333334,738.145
2024-02-01,Vitória,ES,Sudeste,763.91,1.5189772485647346,7.54297298438753,False,752.48,710.33,752.6233333333333,745.775
2024-03-01,Vitória,ES,Sudeste,756.95,-0.9111020931785063,7.245576004873855,False,763.91,705.81,757.7800000000001,749.5883333333335
2024-04-01,Vitória,ES,Sudeste,747.16,-1.2933483057005146,7.221169852476894,False,756.95,696.84,756.0066666666667,751.64
2024-05-01,Vitória,ES,Sudeste,748.41,0.1673001766689941,5.4083745299361885,False,747.16,710.01,750.84,751.7316666666667
2024-06-01,Vitória,ES,Sudeste,768.05,2.6242300343394698,4.496598639455773,False,748.41,735.0,754.54,756.16
2024-07-01,Vitória,ES,Sudeste,772.72,0.608033331163349,8.199843172398346,False,768.05,714.16,763.0600000000001,759.5333333333333
2024-08-01,Vitória,ES,Sudeste,778.3,0.7221244435241747,8.37870580535558,False,772.72,718.13,773.0233333333332,761.9316666666667
2024-09-01,Vitória,ES,Sudeste,776.32,-0.254400616728756,5.755581892735018,False,778.3,734.07,775.7800000000001,765.16
2024-10-01,Vitória,ES,Sudeste,773.7,-0.3374896949711492,5.286793223106767,False,776.32,734.85,776.1066666666667,769.5833333333334
2024-11-01,Vitória,ES,Sudeste,780.14,0.832363965361238,4.316315888000433,False,773.7,747.86,776.7199999999999,774.8716666666668
2024-12-01,Vitória,ES,Sudeste,792.57,1.5933037659907168,6.890273507039968,False,780.14,741.48,782.1366666666667,778.9583333333334
2025-01-01,Vitória,ES,Sudeste,796.09,0.444124809165114,5.795502870508185,False,792.57,752.48,789.6,782.8533333333334
2025-02-01,Vitória,ES,Sudeste,809.65,1.703325000942102,5.987616342239277,False,796.09,763.91,799.4366666666666,788.0783333333334
2025-03-01,Vitória,ES,Sudeste,791.75,-2.2108318409189143,4.597397450293927,False,809.65,756.95,799.1633333333333,790.65
2025-04-01,Vitória,ES,Sudeste,787.17,-0.5784654246921428,5.3549440548209315,False,791.75,747.16,796.1899999999999,792.895
2025-05-01,Vitória,ES,Sudeste,795.02,0.9972432892513705,6.227869750537818,False,787.17,748.41,791.3133333333332,795.375
2025-06-01,Vitória,ES,Sudeste,796.18,0.1459082790369992,3.6625219712258295,False,795.02,768.05,792.79,795.9766666666666
2025-07-01,Vitória,ES,Sudeste,792.86,-0.4169911326584397,2.6063774717879573,False,796.18,772.72,794.6866666666666,795.4383333333334
2025-08-01,Vitória,ES,Sudeste,779.72,-1.6572913250763044,0.18244892714891492,False,792.86,778.3,789.5866666666667,790.4499999999999
2025-09-01,Vitória,ES,Sudeste,793.74,1.7980813625404046,2.2439200329760878,False,779.72,776.32,788.7733333333334,790.7816666666666
2025-10-01,Vitória,ES,Sudeste,790.61,-0.3943356766699435,2.185601654387992,False,793.74,773.7,788.0233333333334,791.355
2025-11-01,Vitória,ES,Sudeste,799.7,1.1497451335045206,2.507242289845424,False,790.61,780.14,794.6833333333334,792.1350000000001
2025-12-01,Vitória,ES,Sudeste,778.61,-2.6372389646117322,-1.76135861816622,False,799.7,792.57,789.64,789.2066666666666
2026-01-01,Vitória,ES,Sudeste,795.67,2.1910841114293422,-0.052757854011487026,False,778.61,796.09,791.3266666666667,789.6750000000001
2026-02-01,Vitória,ES,Sudeste,793.34,-0.2928349692711718,-2.014450688569125,False,795.67,809.65,789.2066666666666,791.945
2026-03-01,Vitória,ES,Sudeste,785.0,-1.0512516701540409,-0.8525418377012928,False,793.34,791.75,791.3366666666667,790.4883333333333
